fundValDate,fundNetVal,fundYoyVal,fundYtdVal,fundDesc,fundCurrency,weekly,fundCode,fundName,fundUrl
2021-12-01,0.9063,-3.2971,-4.5196,Achiever 2038,PHP,Y,CF0014,SUN LIFE PROSPERITY ACHIEVER FUND 2038,
2021-11-29,0.9319,1.9696,-1.8226,Achiever 2038,PHP,Y,CF0014,SUN LIFE PROSPERITY ACHIEVER FUND 2038,
2021-11-26,0.9399,1.206,-0.9798,Achiever 2038,PHP,Y,CF0014,SUN LIFE PROSPERITY ACHIEVER FUND 2038,
2021-11-25,0.9488,1.3675,-0.0421,Achiever 2038,PHP,Y,CF0014,SUN LIFE PROSPERITY ACHIEVER FUND 2038,
2021-11-24,0.9538,0.633,0.4846,Achiever 2038,PHP,Y,CF0014,SUN LIFE PROSPERITY ACHIEVER FUND 2038,
2021-11-23,0.9514,-0.4187,0.2318,Achiever 2038,PHP,Y,CF0014,SUN LIFE PROSPERITY ACHIEVER FUND 2038,
2021-11-22,0.9397,-1.5712,-1.0008,Achiever 2038,PHP,Y,CF0014,SUN LIFE PROSPERITY ACHIEVER FUND 2038,
2021-11-19,0.9396,0.4061,-1.0114,Achiever 2038,PHP,Y,CF0014,SUN LIFE PROSPERITY ACHIEVER FUND 2038,
2021-11-18,0.9408,-0.1062,-0.885,Achiever 2038,PHP,Y,CF0014,SUN LIFE PROSPERITY ACHIEVER FUND 2038,
2021-11-17,0.9457,1.4917,-0.3687,Achiever 2038,PHP,Y,CF0014,SUN LIFE PROSPERITY ACHIEVER FUND 2038,
2021-11-16,0.9443,1.8113,-0.5162,Achiever 2038,PHP,Y,CF0014,SUN LIFE PROSPERITY ACHIEVER FUND 2038,
2021-11-15,0.9423,0.9319,-0.7269,Achiever 2038,PHP,Y,CF0014,SUN LIFE PROSPERITY ACHIEVER FUND 2038,
2021-11-12,0.9486,0.9686,-0.0632,Achiever 2038,PHP,Y,CF0014,SUN LIFE PROSPERITY ACHIEVER FUND 2038,
2021-11-11,0.9446,0.5428,-0.4846,Achiever 2038,PHP,Y,CF0014,SUN LIFE PROSPERITY ACHIEVER FUND 2038,
2021-11-10,0.9498,0.9566,0.0632,Achiever 2038,PHP,Y,CF0014,SUN LIFE PROSPERITY ACHIEVER FUND 2038,
2021-11-09,0.9564,5.9254,0.7585,Achiever 2038,PHP,Y,CF0014,SUN LIFE PROSPERITY ACHIEVER FUND 2038,
2021-11-08,0.9518,5.4159,0.2739,Achiever 2038,PHP,Y,CF0014,SUN LIFE PROSPERITY ACHIEVER FUND 2038,
2021-11-05,0.9459,5.3458,-0.3477,Achiever 2038,PHP,Y,CF0014,SUN LIFE PROSPERITY ACHIEVER FUND 2038,
2021-11-04,0.9322,6.1248,-1.791,Achiever 2038,PHP,Y,CF0014,SUN LIFE PROSPERITY ACHIEVER FUND 2038,
2021-11-03,0.9301,7.6006,-2.0122,Achiever 2038,PHP,Y,CF0014,SUN LIFE PROSPERITY ACHIEVER FUND 2038,
2021-11-02,0.9211,6.6829,-2.9604,Achiever 2038,PHP,Y,CF0014,SUN LIFE PROSPERITY ACHIEVER FUND 2038,
2021-10-29,0.916,7.147,-3.4977,Achiever 2038,PHP,Y,CF0014,SUN LIFE PROSPERITY ACHIEVER FUND 2038,
2021-10-28,0.9267,6.554,-2.3704,Achiever 2038,PHP,Y,CF0014,SUN LIFE PROSPERITY ACHIEVER FUND 2038,
2021-10-27,0.9341,6.9131,-1.5908,Achiever 2038,PHP,Y,CF0014,SUN LIFE PROSPERITY ACHIEVER FUND 2038,
2021-10-26,0.9367,6.1537,-1.3169,Achiever 2038,PHP,Y,CF0014,SUN LIFE PROSPERITY ACHIEVER FUND 2038,
2021-10-25,0.9333,5.8283,-1.6751,Achiever 2038,PHP,Y,CF0014,SUN LIFE PROSPERITY ACHIEVER FUND 2038,
2021-10-22,0.9418,8.64,-0.7796,Achiever 2038,PHP,Y,CF0014,SUN LIFE PROSPERITY ACHIEVER FUND 2038,
2021-10-21,0.9441,9.8941,-0.5373,Achiever 2038,PHP,Y,CF0014,SUN LIFE PROSPERITY ACHIEVER FUND 2038,
2021-10-20,0.9426,12.001,-0.6953,Achiever 2038,PHP,Y,CF0014,SUN LIFE PROSPERITY ACHIEVER FUND 2038,
2021-10-19,0.9399,12.9688,-0.9798,Achiever 2038,PHP,Y,CF0014,SUN LIFE PROSPERITY ACHIEVER FUND 2038,
2021-10-18,0.9352,14.202,-1.4749,Achiever 2038,PHP,Y,CF0014,SUN LIFE PROSPERITY ACHIEVER FUND 2038,
2021-10-15,0.9347,13.5309,-1.5276,Achiever 2038,PHP,Y,CF0014,SUN LIFE PROSPERITY ACHIEVER FUND 2038,
2021-10-14,0.932,13.382,-1.8121,Achiever 2038,PHP,Y,CF0014,SUN LIFE PROSPERITY ACHIEVER FUND 2038,
2021-10-13,0.9203,11.9859,-3.0447,Achiever 2038,PHP,Y,CF0014,SUN LIFE PROSPERITY ACHIEVER FUND 2038,
2021-10-12,0.9244,12.3344,-2.6127,Achiever 2038,PHP,Y,CF0014,SUN LIFE PROSPERITY ACHIEVER FUND 2038,
2021-10-11,0.9261,12.2545,-2.4336,Achiever 2038,PHP,Y,CF0014,SUN LIFE PROSPERITY ACHIEVER FUND 2038,
2021-10-08,0.9038,9.7111,-4.783,Achiever 2038,PHP,Y,CF0014,SUN LIFE PROSPERITY ACHIEVER FUND 2038,
2021-10-07,0.9074,11.2146,-4.4037,Achiever 2038,PHP,Y,CF0014,SUN LIFE PROSPERITY ACHIEVER FUND 2038,
2021-10-06,0.9184,11.6189,-3.2448,Achiever 2038,PHP,Y,CF0014,SUN LIFE PROSPERITY ACHIEVER FUND 2038,
2021-10-05,0.9092,10.086,-4.2141,Achiever 2038,PHP,Y,CF0014,SUN LIFE PROSPERITY ACHIEVER FUND 2038,
2021-10-04,0.9076,9.1521,-4.3826,Achiever 2038,PHP,Y,CF0014,SUN LIFE PROSPERITY ACHIEVER FUND 2038,
2021-10-01,0.9038,9.4719,-4.783,Achiever 2038,PHP,Y,CF0014,SUN LIFE PROSPERITY ACHIEVER FUND 2038,
2021-09-30,0.9058,10.8962,-4.5723,Achiever 2038,PHP,Y,CF0014,SUN LIFE PROSPERITY ACHIEVER FUND 2038,
2021-09-29,0.9056,11.2121,-4.5933,Achiever 2038,PHP,Y,CF0014,SUN LIFE PROSPERITY ACHIEVER FUND 2038,
2021-09-28,0.9015,10.5186,-5.0253,Achiever 2038,PHP,Y,CF0014,SUN LIFE PROSPERITY ACHIEVER FUND 2038,
2021-09-27,0.909,11.7806,-4.2351,Achiever 2038,PHP,Y,CF0014,SUN LIFE PROSPERITY ACHIEVER FUND 2038,
2021-09-24,0.9087,11.5517,-4.2668,Achiever 2038,PHP,Y,CF0014,SUN LIFE PROSPERITY ACHIEVER FUND 2038,
2021-09-23,0.9063,10.6053,-4.5196,Achiever 2038,PHP,Y,CF0014,SUN LIFE PROSPERITY ACHIEVER FUND 2038,
2021-09-22,0.9043,10.3343,-4.7303,Achiever 2038,PHP,Y,CF0014,SUN LIFE PROSPERITY ACHIEVER FUND 2038,
2021-09-21,0.9032,9.9318,-4.8462,Achiever 2038,PHP,Y,CF0014,SUN LIFE PROSPERITY ACHIEVER FUND 2038,
2021-09-20,0.901,9.5308,-5.078,Achiever 2038,PHP,Y,CF0014,SUN LIFE PROSPERITY ACHIEVER FUND 2038,
2021-09-17,0.9071,9.6326,-4.4353,Achiever 2038,PHP,Y,CF0014,SUN LIFE PROSPERITY ACHIEVER FUND 2038,
2021-09-16,0.9121,9.9048,-3.9086,Achiever 2038,PHP,Y,CF0014,SUN LIFE PROSPERITY ACHIEVER FUND 2038,
2021-09-15,0.9035,7.842,-4.8146,Achiever 2038,PHP,Y,CF0014,SUN LIFE PROSPERITY ACHIEVER FUND 2038,
2021-09-14,0.9074,8.5277,-4.4037,Achiever 2038,PHP,Y,CF0014,SUN LIFE PROSPERITY ACHIEVER FUND 2038,
2021-09-13,0.9123,9.5198,-3.8875,Achiever 2038,PHP,Y,CF0014,SUN LIFE PROSPERITY ACHIEVER FUND 2038,
2021-09-10,0.9133,10.5289,-3.7821,Achiever 2038,PHP,Y,CF0014,SUN LIFE PROSPERITY ACHIEVER FUND 2038,
2021-09-09,0.9086,9.4303,-4.2773,Achiever 2038,PHP,Y,CF0014,SUN LIFE PROSPERITY ACHIEVER FUND 2038,
2021-09-08,0.9106,8.2373,-4.0666,Achiever 2038,PHP,Y,CF0014,SUN LIFE PROSPERITY ACHIEVER FUND 2038,
2021-09-07,0.9072,9.2222,-4.4248,Achiever 2038,PHP,Y,CF0014,SUN LIFE PROSPERITY ACHIEVER FUND 2038,
2021-09-06,0.9035,10.9815,-4.8146,Achiever 2038,PHP,Y,CF0014,SUN LIFE PROSPERITY ACHIEVER FUND 2038,
2021-09-03,0.9058,11.5105,-4.5723,Achiever 2038,PHP,Y,CF0014,SUN LIFE PROSPERITY ACHIEVER FUND 2038,
2021-09-02,0.8995,11.1317,-5.236,Achiever 2038,PHP,Y,CF0014,SUN LIFE PROSPERITY ACHIEVER FUND 2038,
2021-09-01,0.8945,9.6067,-5.7627,Achiever 2038,PHP,Y,CF0014,SUN LIFE PROSPERITY ACHIEVER FUND 2038,
2021-08-31,0.9019,9.1096,-4.9831,Achiever 2038,PHP,Y,CF0014,SUN LIFE PROSPERITY ACHIEVER FUND 2038,
2021-08-27,0.8951,7.6747,-5.6995,Achiever 2038,PHP,Y,CF0014,SUN LIFE PROSPERITY ACHIEVER FUND 2038,
2021-08-26,0.8986,7.6425,-5.3308,Achiever 2038,PHP,Y,CF0014,SUN LIFE PROSPERITY ACHIEVER FUND 2038,
2021-08-25,0.8985,7.3477,-5.3413,Achiever 2038,PHP,Y,CF0014,SUN LIFE PROSPERITY ACHIEVER FUND 2038,
2021-08-24,0.8838,5.5662,-6.89,Achiever 2038,PHP,Y,CF0014,SUN LIFE PROSPERITY ACHIEVER FUND 2038,
2021-08-23,0.875,3.6607,-7.8171,Achiever 2038,PHP,Y,CF0014,SUN LIFE PROSPERITY ACHIEVER FUND 2038,
2021-08-20,0.8795,4.1938,-7.343,Achiever 2038,PHP,Y,CF0014,SUN LIFE PROSPERITY ACHIEVER FUND 2038,
2021-08-19,0.8883,4.7277,-6.4159,Achiever 2038,PHP,Y,CF0014,SUN LIFE PROSPERITY ACHIEVER FUND 2038,
2021-08-18,0.885,2.8233,-6.7636,Achiever 2038,PHP,Y,CF0014,SUN LIFE PROSPERITY ACHIEVER FUND 2038,
2021-08-17,0.8725,2.5023,-8.0805,Achiever 2038,PHP,Y,CF0014,SUN LIFE PROSPERITY ACHIEVER FUND 2038,
2021-08-16,0.867,2.024,-8.6599,Achiever 2038,PHP,Y,CF0014,SUN LIFE PROSPERITY ACHIEVER FUND 2038,
2021-08-13,0.8456,-0.6929,-10.9145,Achiever 2038,PHP,Y,CF0014,SUN LIFE PROSPERITY ACHIEVER FUND 2038,
2021-08-12,0.8692,3.5008,-8.4282,Achiever 2038,PHP,Y,CF0014,SUN LIFE PROSPERITY ACHIEVER FUND 2038,
2021-08-11,0.8817,5.5423,-7.1113,Achiever 2038,PHP,Y,CF0014,SUN LIFE PROSPERITY ACHIEVER FUND 2038,
2021-08-10,0.8791,5.4962,-7.3852,Achiever 2038,PHP,Y,CF0014,SUN LIFE PROSPERITY ACHIEVER FUND 2038,
2021-08-09,0.8803,6.8066,-7.2587,Achiever 2038,PHP,Y,CF0014,SUN LIFE PROSPERITY ACHIEVER FUND 2038,
2021-08-06,0.8709,5.1431,-8.2491,Achiever 2038,PHP,Y,CF0014,SUN LIFE PROSPERITY ACHIEVER FUND 2038,
2021-08-05,0.8725,6.3895,-8.0805,Achiever 2038,PHP,Y,CF0014,SUN LIFE PROSPERITY ACHIEVER FUND 2038,
2021-08-04,0.876,7.6432,-7.7118,Achiever 2038,PHP,Y,CF0014,SUN LIFE PROSPERITY ACHIEVER FUND 2038,
2021-08-03,0.8734,8.1476,-7.9857,Achiever 2038,PHP,Y,CF0014,SUN LIFE PROSPERITY ACHIEVER FUND 2038,
2021-08-02,0.8616,3.6948,-9.2288,Achiever 2038,PHP,Y,CF0014,SUN LIFE PROSPERITY ACHIEVER FUND 2038,
2021-07-30,0.8433,1.4924,-11.1568,Achiever 2038,PHP,Y,CF0014,SUN LIFE PROSPERITY ACHIEVER FUND 2038,
2021-07-29,0.867,3.8945,-8.6599,Achiever 2038,PHP,Y,CF0014,SUN LIFE PROSPERITY ACHIEVER FUND 2038,
2021-07-28,0.8646,4.0809,-8.9128,Achiever 2038,PHP,Y,CF0014,SUN LIFE PROSPERITY ACHIEVER FUND 2038,
2021-07-27,0.8668,5.2453,-8.681,Achiever 2038,PHP,Y,CF0014,SUN LIFE PROSPERITY ACHIEVER FUND 2038,
2021-07-26,0.851,1.4182,-10.3456,Achiever 2038,PHP,Y,CF0014,SUN LIFE PROSPERITY ACHIEVER FUND 2038,
2021-07-23,0.8667,2.8968,-8.6915,Achiever 2038,PHP,Y,CF0014,SUN LIFE PROSPERITY ACHIEVER FUND 2038,
2021-07-22,0.8728,3.1557,-8.0489,Achiever 2038,PHP,Y,CF0014,SUN LIFE PROSPERITY ACHIEVER FUND 2038,
2021-07-21,0.8627,1.0187,-9.1129,Achiever 2038,PHP,Y,CF0014,SUN LIFE PROSPERITY ACHIEVER FUND 2038,
2021-07-19,0.8756,3.1331,-7.7539,Achiever 2038,PHP,Y,CF0014,SUN LIFE PROSPERITY ACHIEVER FUND 2038,
2021-07-16,0.888,3.7868,-6.4475,Achiever 2038,PHP,Y,CF0014,SUN LIFE PROSPERITY ACHIEVER FUND 2038,
2021-07-15,0.8881,5.5503,-6.437,Achiever 2038,PHP,Y,CF0014,SUN LIFE PROSPERITY ACHIEVER FUND 2038,
2021-07-14,0.8997,4.8846,-5.2149,Achiever 2038,PHP,Y,CF0014,SUN LIFE PROSPERITY ACHIEVER FUND 2038,
2021-07-13,0.8956,4.3336,-5.6469,Achiever 2038,PHP,Y,CF0014,SUN LIFE PROSPERITY ACHIEVER FUND 2038,
2021-07-12,0.9079,5.3737,-4.351,Achiever 2038,PHP,Y,CF0014,SUN LIFE PROSPERITY ACHIEVER FUND 2038,
2021-07-09,0.8999,4.5059,-5.1938,Achiever 2038,PHP,Y,CF0014,SUN LIFE PROSPERITY ACHIEVER FUND 2038,
2021-07-08,0.9092,4.4097,-4.2141,Achiever 2038,PHP,Y,CF0014,SUN LIFE PROSPERITY ACHIEVER FUND 2038,
2021-07-07,0.9112,4.9891,-4.0034,Achiever 2038,PHP,Y,CF0014,SUN LIFE PROSPERITY ACHIEVER FUND 2038,
2021-07-06,0.9164,4.7793,-3.4555,Achiever 2038,PHP,Y,CF0014,SUN LIFE PROSPERITY ACHIEVER FUND 2038,
2021-07-05,0.921,4.5997,-2.9709,Achiever 2038,PHP,Y,CF0014,SUN LIFE PROSPERITY ACHIEVER FUND 2038,
2021-07-02,0.9176,4.3201,-3.3291,Achiever 2038,PHP,Y,CF0014,SUN LIFE PROSPERITY ACHIEVER FUND 2038,
2021-07-01,0.9137,5.8135,-3.74,Achiever 2038,PHP,Y,CF0014,SUN LIFE PROSPERITY ACHIEVER FUND 2038,
2021-06-30,0.9073,5.1454,-4.4142,Achiever 2038,PHP,Y,CF0014,SUN LIFE PROSPERITY ACHIEVER FUND 2038,
2021-06-29,0.913,7.1093,-3.8137,Achiever 2038,PHP,Y,CF0014,SUN LIFE PROSPERITY ACHIEVER FUND 2038,
2021-06-28,0.9111,6.127,-4.0139,Achiever 2038,PHP,Y,CF0014,SUN LIFE PROSPERITY ACHIEVER FUND 2038,
2021-06-25,0.9125,8.2829,-3.8664,Achiever 2038,PHP,Y,CF0014,SUN LIFE PROSPERITY ACHIEVER FUND 2038,
2021-06-24,0.906,6.5256,-4.5512,Achiever 2038,PHP,Y,CF0014,SUN LIFE PROSPERITY ACHIEVER FUND 2038,
2021-06-23,0.9093,5.4261,-4.2035,Achiever 2038,PHP,Y,CF0014,SUN LIFE PROSPERITY ACHIEVER FUND 2038,
2021-06-22,0.9044,4.2056,-4.7198,Achiever 2038,PHP,Y,CF0014,SUN LIFE PROSPERITY ACHIEVER FUND 2038,
2021-06-21,0.8999,4.1069,-5.1938,Achiever 2038,PHP,Y,CF0014,SUN LIFE PROSPERITY ACHIEVER FUND 2038,
2021-06-18,0.9024,3.9033,-4.9305,Achiever 2038,PHP,Y,CF0014,SUN LIFE PROSPERITY ACHIEVER FUND 2038,
2021-06-17,0.9055,4.9977,-4.6039,Achiever 2038,PHP,Y,CF0014,SUN LIFE PROSPERITY ACHIEVER FUND 2038,
2021-06-16,0.9145,6.0044,-3.6557,Achiever 2038,PHP,Y,CF0014,SUN LIFE PROSPERITY ACHIEVER FUND 2038,
2021-06-15,0.9148,7.6489,-3.6241,Achiever 2038,PHP,Y,CF0014,SUN LIFE PROSPERITY ACHIEVER FUND 2038,
2021-06-14,0.9088,2.8054,-4.2562,Achiever 2038,PHP,Y,CF0014,SUN LIFE PROSPERITY ACHIEVER FUND 2038,
2021-06-11,0.9079,2.7036,-4.351,Achiever 2038,PHP,Y,CF0014,SUN LIFE PROSPERITY ACHIEVER FUND 2038,
2021-06-10,0.9046,2.8422,-4.6987,Achiever 2038,PHP,Y,CF0014,SUN LIFE PROSPERITY ACHIEVER FUND 2038,
2021-06-09,0.9077,1.3058,-4.3721,Achiever 2038,PHP,Y,CF0014,SUN LIFE PROSPERITY ACHIEVER FUND 2038,
2021-06-08,0.8981,1.1032,-5.3835,Achiever 2038,PHP,Y,CF0014,SUN LIFE PROSPERITY ACHIEVER FUND 2038,
2021-06-07,0.8931,1.1667,-5.9102,Achiever 2038,PHP,Y,CF0014,SUN LIFE PROSPERITY ACHIEVER FUND 2038,
2021-06-04,0.8965,0.9004,-5.552,Achiever 2038,PHP,Y,CF0014,SUN LIFE PROSPERITY ACHIEVER FUND 2038,
2021-06-03,0.8961,4.3433,-5.5942,Achiever 2038,PHP,Y,CF0014,SUN LIFE PROSPERITY ACHIEVER FUND 2038,
2021-06-02,0.9013,8.0695,-5.0464,Achiever 2038,PHP,Y,CF0014,SUN LIFE PROSPERITY ACHIEVER FUND 2038,
2021-06-01,0.8798,6.5391,-7.3114,Achiever 2038,PHP,Y,CF0014,SUN LIFE PROSPERITY ACHIEVER FUND 2038,
2021-05-31,0.8799,7.9235,-7.3009,Achiever 2038,PHP,Y,CF0014,SUN LIFE PROSPERITY ACHIEVER FUND 2038,
2021-05-28,0.8848,12.613,-6.7847,Achiever 2038,PHP,Y,CF0014,SUN LIFE PROSPERITY ACHIEVER FUND 2038,
2021-05-27,0.8842,13.3299,-6.8479,Achiever 2038,PHP,Y,CF0014,SUN LIFE PROSPERITY ACHIEVER FUND 2038,
2021-05-26,0.8519,9.6679,-10.2507,Achiever 2038,PHP,Y,CF0014,SUN LIFE PROSPERITY ACHIEVER FUND 2038,
2021-05-25,0.8364,7.1758,-11.8837,Achiever 2038,PHP,Y,CF0014,SUN LIFE PROSPERITY ACHIEVER FUND 2038,
2021-05-24,0.8332,6.7658,-12.2208,Achiever 2038,PHP,Y,CF0014,SUN LIFE PROSPERITY ACHIEVER FUND 2038,
2021-05-21,0.8369,6.4758,-11.831,Achiever 2038,PHP,Y,CF0014,SUN LIFE PROSPERITY ACHIEVER FUND 2038,
2021-05-20,0.8364,6.7381,-11.8837,Achiever 2038,PHP,Y,CF0014,SUN LIFE PROSPERITY ACHIEVER FUND 2038,
2021-05-19,0.8411,7.4476,-11.3885,Achiever 2038,PHP,Y,CF0014,SUN LIFE PROSPERITY ACHIEVER FUND 2038,
2021-05-18,0.842,8.7153,-11.2937,Achiever 2038,PHP,Y,CF0014,SUN LIFE PROSPERITY ACHIEVER FUND 2038,
2021-05-17,0.846,8.2534,-10.8723,Achiever 2038,PHP,Y,CF0014,SUN LIFE PROSPERITY ACHIEVER FUND 2038,
2021-05-14,0.844,6.3106,-11.083,Achiever 2038,PHP,Y,CF0014,SUN LIFE PROSPERITY ACHIEVER FUND 2038,
2021-05-12,0.8408,5.9609,-11.4201,Achiever 2038,PHP,Y,CF0014,SUN LIFE PROSPERITY ACHIEVER FUND 2038,
2021-05-11,0.8502,6.8359,-10.4298,Achiever 2038,PHP,Y,CF0014,SUN LIFE PROSPERITY ACHIEVER FUND 2038,
2021-05-10,0.8492,7.3713,-10.5352,Achiever 2038,PHP,Y,CF0014,SUN LIFE PROSPERITY ACHIEVER FUND 2038,
2021-05-07,0.8428,6.106,-11.2094,Achiever 2038,PHP,Y,CF0014,SUN LIFE PROSPERITY ACHIEVER FUND 2038,
2021-05-06,0.8454,6.6751,-10.9355,Achiever 2038,PHP,Y,CF0014,SUN LIFE PROSPERITY ACHIEVER FUND 2038,
2021-05-05,0.8467,6.3293,-10.7986,Achiever 2038,PHP,Y,CF0014,SUN LIFE PROSPERITY ACHIEVER FUND 2038,
2021-05-04,0.8529,8.8994,-10.1454,Achiever 2038,PHP,Y,CF0014,SUN LIFE PROSPERITY ACHIEVER FUND 2038,
2021-05-03,0.854,7.2325,-10.0295,Achiever 2038,PHP,Y,CF0014,SUN LIFE PROSPERITY ACHIEVER FUND 2038,
2021-04-30,0.8543,7.2702,-9.9979,Achiever 2038,PHP,Y,CF0014,SUN LIFE PROSPERITY ACHIEVER FUND 2038,
2021-04-29,0.8663,9.4228,-8.7337,Achiever 2038,PHP,Y,CF0014,SUN LIFE PROSPERITY ACHIEVER FUND 2038,
2021-04-28,0.8644,10.4806,-8.9338,Achiever 2038,PHP,Y,CF0014,SUN LIFE PROSPERITY ACHIEVER FUND 2038,
2021-04-27,0.8528,11.143,-10.1559,Achiever 2038,PHP,Y,CF0014,SUN LIFE PROSPERITY ACHIEVER FUND 2038,
2021-04-26,0.8549,11.4457,-9.9347,Achiever 2038,PHP,Y,CF0014,SUN LIFE PROSPERITY ACHIEVER FUND 2038,
2021-04-23,0.8539,9.3342,-10.04,Achiever 2038,PHP,Y,CF0014,SUN LIFE PROSPERITY ACHIEVER FUND 2038,
2021-04-22,0.8577,9.8911,-9.6397,Achiever 2038,PHP,Y,CF0014,SUN LIFE PROSPERITY ACHIEVER FUND 2038,
2021-04-21,0.8595,9.8403,-9.4501,Achiever 2038,PHP,Y,CF0014,SUN LIFE PROSPERITY ACHIEVER FUND 2038,
2021-04-20,0.8658,8.4962,-8.7863,Achiever 2038,PHP,Y,CF0014,SUN LIFE PROSPERITY ACHIEVER FUND 2038,
2021-04-19,0.8616,7.1242,-9.2288,Achiever 2038,PHP,Y,CF0014,SUN LIFE PROSPERITY ACHIEVER FUND 2038,
2021-04-16,0.8654,11.9824,-8.8285,Achiever 2038,PHP,Y,CF0014,SUN LIFE PROSPERITY ACHIEVER FUND 2038,
2021-04-15,0.8702,6.4856,-8.3228,Achiever 2038,PHP,Y,CF0014,SUN LIFE PROSPERITY ACHIEVER FUND 2038,
2021-04-14,0.8685,8.8482,-8.5019,Achiever 2038,PHP,Y,CF0014,SUN LIFE PROSPERITY ACHIEVER FUND 2038,
2021-04-13,0.8617,11.1584,-9.2183,Achiever 2038,PHP,Y,CF0014,SUN LIFE PROSPERITY ACHIEVER FUND 2038,
2021-04-12,0.868,13.5828,-8.5546,Achiever 2038,PHP,Y,CF0014,SUN LIFE PROSPERITY ACHIEVER FUND 2038,
2021-04-08,0.8705,13.91,-8.2912,Achiever 2038,PHP,Y,CF0014,SUN LIFE PROSPERITY ACHIEVER FUND 2038,
2021-04-07,0.8817,13.329,-7.1113,Achiever 2038,PHP,Y,CF0014,SUN LIFE PROSPERITY ACHIEVER FUND 2038,
2021-04-06,0.8753,13.7788,-7.7855,Achiever 2038,PHP,Y,CF0014,SUN LIFE PROSPERITY ACHIEVER FUND 2038,
2021-04-05,0.866,16.2728,-8.7653,Achiever 2038,PHP,Y,CF0014,SUN LIFE PROSPERITY ACHIEVER FUND 2038,
2021-03-31,0.8609,16.0086,-9.3026,Achiever 2038,PHP,Y,CF0014,SUN LIFE PROSPERITY ACHIEVER FUND 2038,
2021-03-30,0.8716,20.9212,-8.1753,Achiever 2038,PHP,Y,CF0014,SUN LIFE PROSPERITY ACHIEVER FUND 2038,
2021-03-29,0.8773,19.2632,-7.5748,Achiever 2038,PHP,Y,CF0014,SUN LIFE PROSPERITY ACHIEVER FUND 2038,
2021-03-26,0.8707,16.0933,-8.2701,Achiever 2038,PHP,Y,CF0014,SUN LIFE PROSPERITY ACHIEVER FUND 2038,
2021-03-25,0.8744,23.3112,-7.8803,Achiever 2038,PHP,Y,CF0014,SUN LIFE PROSPERITY ACHIEVER FUND 2038,
2021-03-24,0.8648,28.9784,-8.8917,Achiever 2038,PHP,Y,CF0014,SUN LIFE PROSPERITY ACHIEVER FUND 2038,
2021-03-23,0.8595,27.4088,-9.4501,Achiever 2038,PHP,Y,CF0014,SUN LIFE PROSPERITY ACHIEVER FUND 2038,
2021-03-22,0.8542,25.9325,-10.0084,Achiever 2038,PHP,Y,CF0014,SUN LIFE PROSPERITY ACHIEVER FUND 2038,
2021-03-19,0.8586,29.6587,-9.5449,Achiever 2038,PHP,Y,CF0014,SUN LIFE PROSPERITY ACHIEVER FUND 2038,
2021-03-18,0.8775,18.9992,-7.5537,Achiever 2038,PHP,Y,CF0014,SUN LIFE PROSPERITY ACHIEVER FUND 2038,
2021-03-17,0.8698,17.6996,-8.3649,Achiever 2038,PHP,Y,CF0014,SUN LIFE PROSPERITY ACHIEVER FUND 2038,
2021-03-16,0.87,17.9821,-8.3439,Achiever 2038,PHP,Y,CF0014,SUN LIFE PROSPERITY ACHIEVER FUND 2038,
2021-03-15,0.8685,10.2157,-8.5019,Achiever 2038,PHP,Y,CF0014,SUN LIFE PROSPERITY ACHIEVER FUND 2038,
2021-03-12,0.8862,12.6764,-6.6372,Achiever 2038,PHP,Y,CF0014,SUN LIFE PROSPERITY ACHIEVER FUND 2038,
2021-03-11,0.8843,3.7302,-6.8373,Achiever 2038,PHP,Y,CF0014,SUN LIFE PROSPERITY ACHIEVER FUND 2038,
2021-03-10,0.8985,5.8304,-5.3413,Achiever 2038,PHP,Y,CF0014,SUN LIFE PROSPERITY ACHIEVER FUND 2038,
2021-03-09,0.8941,5.2749,-5.8049,Achiever 2038,PHP,Y,CF0014,SUN LIFE PROSPERITY ACHIEVER FUND 2038,
2021-03-08,0.8932,-0.2234,-5.8997,Achiever 2038,PHP,Y,CF0014,SUN LIFE PROSPERITY ACHIEVER FUND 2038,
2021-03-05,0.9063,-0.0551,-4.5196,Achiever 2038,PHP,Y,CF0014,SUN LIFE PROSPERITY ACHIEVER FUND 2038,
2021-03-04,0.9068,0.1878,-4.4669,Achiever 2038,PHP,Y,CF0014,SUN LIFE PROSPERITY ACHIEVER FUND 2038,
2021-03-03,0.9131,2.0794,-3.8032,Achiever 2038,PHP,Y,CF0014,SUN LIFE PROSPERITY ACHIEVER FUND 2038,
2021-03-02,0.9116,2.2546,-3.9612,Achiever 2038,PHP,Y,CF0014,SUN LIFE PROSPERITY ACHIEVER FUND 2038,
2021-03-01,0.9038,1.0058,-4.783,Achiever 2038,PHP,Y,CF0014,SUN LIFE PROSPERITY ACHIEVER FUND 2038,
2021-02-26,0.8957,-1.2894,-5.6363,Achiever 2038,PHP,Y,CF0014,SUN LIFE PROSPERITY ACHIEVER FUND 2038,
2021-02-24,0.9031,-3.4531,-4.8567,Achiever 2038,PHP,Y,CF0014,SUN LIFE PROSPERITY ACHIEVER FUND 2038,
2021-02-23,0.9094,-4.6351,-4.193,Achiever 2038,PHP,Y,CF0014,SUN LIFE PROSPERITY ACHIEVER FUND 2038,
2021-02-22,0.909,-4.677,-4.2351,Achiever 2038,PHP,Y,CF0014,SUN LIFE PROSPERITY ACHIEVER FUND 2038,
2021-02-19,0.9214,-3.5385,-2.9288,Achiever 2038,PHP,Y,CF0014,SUN LIFE PROSPERITY ACHIEVER FUND 2038,
2021-02-18,0.9156,-3.2544,-3.5398,Achiever 2038,PHP,Y,CF0014,SUN LIFE PROSPERITY ACHIEVER FUND 2038,
2021-02-17,0.9279,-1.9341,-2.244,Achiever 2038,PHP,Y,CF0014,SUN LIFE PROSPERITY ACHIEVER FUND 2038,
2021-02-16,0.9361,-0.6052,-1.3801,Achiever 2038,PHP,Y,CF0014,SUN LIFE PROSPERITY ACHIEVER FUND 2038,
2021-02-15,0.9273,-1.5396,-2.3072,Achiever 2038,PHP,Y,CF0014,SUN LIFE PROSPERITY ACHIEVER FUND 2038,
2021-02-11,0.9307,-2.9004,-1.949,Achiever 2038,PHP,Y,CF0014,SUN LIFE PROSPERITY ACHIEVER FUND 2038,
2021-02-10,0.941,-1.713,-0.8639,Achiever 2038,PHP,Y,CF0014,SUN LIFE PROSPERITY ACHIEVER FUND 2038,
2021-02-09,0.9393,-2.6128,-1.043,Achiever 2038,PHP,Y,CF0014,SUN LIFE PROSPERITY ACHIEVER FUND 2038,
2021-02-08,0.9351,-3.0482,-1.4855,Achiever 2038,PHP,Y,CF0014,SUN LIFE PROSPERITY ACHIEVER FUND 2038,
2021-02-05,0.9347,-1.4445,-1.5276,Achiever 2038,PHP,Y,CF0014,SUN LIFE PROSPERITY ACHIEVER FUND 2038,
2021-02-04,0.9227,-1.2521,-2.7918,Achiever 2038,PHP,Y,CF0014,SUN LIFE PROSPERITY ACHIEVER FUND 2038,
2021-02-03,0.9184,-1.0451,-3.2448,Achiever 2038,PHP,Y,CF0014,SUN LIFE PROSPERITY ACHIEVER FUND 2038,
2021-02-02,0.9194,-1.5948,-3.1395,Achiever 2038,PHP,Y,CF0014,SUN LIFE PROSPERITY ACHIEVER FUND 2038,
2021-02-01,0.9136,-2.2156,-3.7505,Achiever 2038,PHP,Y,CF0014,SUN LIFE PROSPERITY ACHIEVER FUND 2038,
2021-01-29,0.8929,-6.8246,-5.9313,Achiever 2038,PHP,Y,CF0014,SUN LIFE PROSPERITY ACHIEVER FUND 2038,
2021-01-28,0.9182,-4.2744,-3.2659,Achiever 2038,PHP,Y,CF0014,SUN LIFE PROSPERITY ACHIEVER FUND 2038,
2021-01-27,0.92,-5.223,-3.0763,Achiever 2038,PHP,Y,CF0014,SUN LIFE PROSPERITY ACHIEVER FUND 2038,
2021-01-26,0.9319,-4.4009,-1.8226,Achiever 2038,PHP,Y,CF0014,SUN LIFE PROSPERITY ACHIEVER FUND 2038,
2021-01-25,0.9413,-3.4366,-0.8323,Achiever 2038,PHP,Y,CF0014,SUN LIFE PROSPERITY ACHIEVER FUND 2038,
2021-01-22,0.9388,-1.8608,-1.0957,Achiever 2038,PHP,Y,CF0014,SUN LIFE PROSPERITY ACHIEVER FUND 2038,
2021-01-21,0.949,-0.7737,-0.0211,Achiever 2038,PHP,Y,CF0014,SUN LIFE PROSPERITY ACHIEVER FUND 2038,
2021-01-20,0.9493,-1.6779,0.0105,Achiever 2038,PHP,Y,CF0014,SUN LIFE PROSPERITY ACHIEVER FUND 2038,
2021-01-19,0.9552,-2.8874,0.6321,Achiever 2038,PHP,Y,CF0014,SUN LIFE PROSPERITY ACHIEVER FUND 2038,
2021-01-18,0.9549,-2.9179,0.6005,Achiever 2038,PHP,Y,CF0014,SUN LIFE PROSPERITY ACHIEVER FUND 2038,
2021-01-15,0.9587,-1.9132,1.0008,Achiever 2038,PHP,Y,CF0014,SUN LIFE PROSPERITY ACHIEVER FUND 2038,
2021-01-14,0.962,-2.9361,1.3485,Achiever 2038,PHP,Y,CF0014,SUN LIFE PROSPERITY ACHIEVER FUND 2038,
2021-01-13,0.9589,-3.2294,1.0219,Achiever 2038,PHP,Y,CF0014,SUN LIFE PROSPERITY ACHIEVER FUND 2038,
2021-01-12,0.9605,-3.0679,1.1905,Achiever 2038,PHP,Y,CF0014,SUN LIFE PROSPERITY ACHIEVER FUND 2038,
2021-01-11,0.9654,-2.5734,1.7067,Achiever 2038,PHP,Y,CF0014,SUN LIFE PROSPERITY ACHIEVER FUND 2038,
2021-01-08,0.964,-2.2213,1.5592,Achiever 2038,PHP,Y,CF0014,SUN LIFE PROSPERITY ACHIEVER FUND 2038,
2021-01-07,0.9463,-5.2468,-0.3055,Achiever 2038,PHP,Y,CF0014,SUN LIFE PROSPERITY ACHIEVER FUND 2038,
2021-01-06,0.9389,-5.5718,-1.0851,Achiever 2038,PHP,Y,CF0014,SUN LIFE PROSPERITY ACHIEVER FUND 2038,
2021-01-05,0.9484,-5.1126,-0.0843,Achiever 2038,PHP,Y,CF0014,SUN LIFE PROSPERITY ACHIEVER FUND 2038,
2021-01-04,0.9549,-4.4622,0.6005,Achiever 2038,PHP,Y,CF0014,SUN LIFE PROSPERITY ACHIEVER FUND 2038,
2020-12-29,0.9492,-4.7466,-4.7371,Achiever 2038,PHP,Y,CF0014,SUN LIFE PROSPERITY ACHIEVER FUND 2038,
2020-12-28,0.9474,-4.9272,-4.9177,Achiever 2038,PHP,Y,CF0014,SUN LIFE PROSPERITY ACHIEVER FUND 2038,
2020-12-23,0.9569,-4.4056,-3.9643,Achiever 2038,PHP,Y,CF0014,SUN LIFE PROSPERITY ACHIEVER FUND 2038,
2020-12-22,0.9569,-3.402,-3.9643,Achiever 2038,PHP,Y,CF0014,SUN LIFE PROSPERITY ACHIEVER FUND 2038,
2020-12-21,0.9593,-3.1597,-3.7234,Achiever 2038,PHP,Y,CF0014,SUN LIFE PROSPERITY ACHIEVER FUND 2038,
2020-12-18,0.9644,-2.2601,-3.2116,Achiever 2038,PHP,Y,CF0014,SUN LIFE PROSPERITY ACHIEVER FUND 2038,
2020-12-17,0.9674,-1.956,-2.9105,Achiever 2038,PHP,Y,CF0014,SUN LIFE PROSPERITY ACHIEVER FUND 2038,
2020-12-16,0.9675,-1.6968,-2.9004,Achiever 2038,PHP,Y,CF0014,SUN LIFE PROSPERITY ACHIEVER FUND 2038,
2020-12-15,0.9601,-4.1721,-3.6431,Achiever 2038,PHP,Y,CF0014,SUN LIFE PROSPERITY ACHIEVER FUND 2038,
2020-12-14,0.9656,-3.6231,-3.0911,Achiever 2038,PHP,Y,CF0014,SUN LIFE PROSPERITY ACHIEVER FUND 2038,
2020-12-11,0.9621,-3.0141,-3.4424,Achiever 2038,PHP,Y,CF0014,SUN LIFE PROSPERITY ACHIEVER FUND 2038,
2020-12-10,0.9526,-3.4657,-4.3958,Achiever 2038,PHP,Y,CF0014,SUN LIFE PROSPERITY ACHIEVER FUND 2038,
2020-12-09,0.9471,-4.3913,-4.9478,Achiever 2038,PHP,Y,CF0014,SUN LIFE PROSPERITY ACHIEVER FUND 2038,
2020-12-07,0.9586,-3.4545,-3.7937,Achiever 2038,PHP,Y,CF0014,SUN LIFE PROSPERITY ACHIEVER FUND 2038,
2020-12-04,0.9515,-4.3142,-4.5062,Achiever 2038,PHP,Y,CF0014,SUN LIFE PROSPERITY ACHIEVER FUND 2038,
2020-12-03,0.958,-4.2192,-3.8539,Achiever 2038,PHP,Y,CF0014,SUN LIFE PROSPERITY ACHIEVER FUND 2038,
2020-12-02,0.9458,-5.4389,-5.0783,Achiever 2038,PHP,Y,CF0014,SUN LIFE PROSPERITY ACHIEVER FUND 2038,
2020-12-01,0.9372,-4.93,-5.9414,Achiever 2038,PHP,Y,CF0014,SUN LIFE PROSPERITY ACHIEVER FUND 2038,
2020-11-27,0.9139,-8.1692,-8.2798,Achiever 2038,PHP,Y,CF0014,SUN LIFE PROSPERITY ACHIEVER FUND 2038,
2020-11-26,0.9287,-5.4854,-6.7945,Achiever 2038,PHP,Y,CF0014,SUN LIFE PROSPERITY ACHIEVER FUND 2038,
2020-11-25,0.936,-5.4354,-6.0618,Achiever 2038,PHP,Y,CF0014,SUN LIFE PROSPERITY ACHIEVER FUND 2038,
2020-11-24,0.9478,-4.8011,-4.8776,Achiever 2038,PHP,Y,CF0014,SUN LIFE PROSPERITY ACHIEVER FUND 2038,
2020-11-23,0.9554,-4.0378,-4.1148,Achiever 2038,PHP,Y,CF0014,SUN LIFE PROSPERITY ACHIEVER FUND 2038,
2020-11-20,0.9547,-5.005,-4.1851,Achiever 2038,PHP,Y,CF0014,SUN LIFE PROSPERITY ACHIEVER FUND 2038,
2020-11-19,0.9358,-7.0336,-6.0819,Achiever 2038,PHP,Y,CF0014,SUN LIFE PROSPERITY ACHIEVER FUND 2038,
2020-11-18,0.9418,-6.1111,-5.4797,Achiever 2038,PHP,Y,CF0014,SUN LIFE PROSPERITY ACHIEVER FUND 2038,
2020-11-17,0.9318,-7.587,-6.4833,Achiever 2038,PHP,Y,CF0014,SUN LIFE PROSPERITY ACHIEVER FUND 2038,
2020-11-16,0.9275,-8.0135,-6.9149,Achiever 2038,PHP,Y,CF0014,SUN LIFE PROSPERITY ACHIEVER FUND 2038,
2020-11-13,0.9336,-7.6101,-6.3027,Achiever 2038,PHP,Y,CF0014,SUN LIFE PROSPERITY ACHIEVER FUND 2038,
2020-11-11,0.9395,-7.5295,-5.7106,Achiever 2038,PHP,Y,CF0014,SUN LIFE PROSPERITY ACHIEVER FUND 2038,
2020-11-10,0.9408,-8.0532,-5.5801,Achiever 2038,PHP,Y,CF0014,SUN LIFE PROSPERITY ACHIEVER FUND 2038,
2020-11-09,0.9029,-11.7572,-9.3838,Achiever 2038,PHP,Y,CF0014,SUN LIFE PROSPERITY ACHIEVER FUND 2038,
2020-11-06,0.9029,-11.4804,-9.3838,Achiever 2038,PHP,Y,CF0014,SUN LIFE PROSPERITY ACHIEVER FUND 2038,
2020-11-05,0.8979,-13.6884,-9.8856,Achiever 2038,PHP,Y,CF0014,SUN LIFE PROSPERITY ACHIEVER FUND 2038,
2020-11-04,0.8784,-14.1768,-11.8426,Achiever 2038,PHP,Y,CF0014,SUN LIFE PROSPERITY ACHIEVER FUND 2038,
2020-11-03,0.8644,-14.7787,-13.2477,Achiever 2038,PHP,Y,CF0014,SUN LIFE PROSPERITY ACHIEVER FUND 2038,
2020-10-30,0.8634,-15.2616,-13.3481,Achiever 2038,PHP,Y,CF0014,SUN LIFE PROSPERITY ACHIEVER FUND 2038,
2020-10-29,0.8549,-15.8894,-14.2011,Achiever 2038,PHP,Y,CF0014,SUN LIFE PROSPERITY ACHIEVER FUND 2038,
2020-10-28,0.8697,-14.0273,-12.7158,Achiever 2038,PHP,Y,CF0014,SUN LIFE PROSPERITY ACHIEVER FUND 2038,
2020-10-27,0.8737,-13.4522,-12.3143,Achiever 2038,PHP,Y,CF0014,SUN LIFE PROSPERITY ACHIEVER FUND 2038,
2020-10-26,0.8824,-12.5904,-11.4412,Achiever 2038,PHP,Y,CF0014,SUN LIFE PROSPERITY ACHIEVER FUND 2038,
2020-10-23,0.8819,-12.7436,-11.4914,Achiever 2038,PHP,Y,CF0014,SUN LIFE PROSPERITY ACHIEVER FUND 2038,
2020-10-22,0.8669,-14.4225,-12.9968,Achiever 2038,PHP,Y,CF0014,SUN LIFE PROSPERITY ACHIEVER FUND 2038,
2020-10-21,0.8591,-14.5769,-13.7796,Achiever 2038,PHP,Y,CF0014,SUN LIFE PROSPERITY ACHIEVER FUND 2038,
2020-10-20,0.8416,-16.3003,-15.5359,Achiever 2038,PHP,Y,CF0014,SUN LIFE PROSPERITY ACHIEVER FUND 2038,
2020-10-19,0.832,-17.2551,-16.4994,Achiever 2038,PHP,Y,CF0014,SUN LIFE PROSPERITY ACHIEVER FUND 2038,
2020-10-16,0.8189,-18.776,-17.8141,Achiever 2038,PHP,Y,CF0014,SUN LIFE PROSPERITY ACHIEVER FUND 2038,
2020-10-15,0.8233,-17.6947,-17.3725,Achiever 2038,PHP,Y,CF0014,SUN LIFE PROSPERITY ACHIEVER FUND 2038,
2020-10-14,0.822,-18.2659,-17.503,Achiever 2038,PHP,Y,CF0014,SUN LIFE PROSPERITY ACHIEVER FUND 2038,
2020-10-13,0.8218,-17.9922,-17.5231,Achiever 2038,PHP,Y,CF0014,SUN LIFE PROSPERITY ACHIEVER FUND 2038,
2020-10-12,0.8229,-17.8824,-17.4127,Achiever 2038,PHP,Y,CF0014,SUN LIFE PROSPERITY ACHIEVER FUND 2038,
2020-10-09,0.825,-16.2011,-17.2019,Achiever 2038,PHP,Y,CF0014,SUN LIFE PROSPERITY ACHIEVER FUND 2038,
2020-10-08,0.8238,-16.9891,-17.3224,Achiever 2038,PHP,Y,CF0014,SUN LIFE PROSPERITY ACHIEVER FUND 2038,
2020-10-07,0.8159,-17.2095,-18.1152,Achiever 2038,PHP,Y,CF0014,SUN LIFE PROSPERITY ACHIEVER FUND 2038,
2020-10-06,0.8228,-16.7122,-17.4227,Achiever 2038,PHP,Y,CF0014,SUN LIFE PROSPERITY ACHIEVER FUND 2038,
2020-10-05,0.8259,-16.3984,-17.1116,Achiever 2038,PHP,Y,CF0014,SUN LIFE PROSPERITY ACHIEVER FUND 2038,
2020-10-02,0.8315,-14.9012,-16.5496,Achiever 2038,PHP,Y,CF0014,SUN LIFE PROSPERITY ACHIEVER FUND 2038,
2020-10-01,0.8256,-16.749,-17.1417,Achiever 2038,PHP,Y,CF0014,SUN LIFE PROSPERITY ACHIEVER FUND 2038,
2020-09-30,0.8168,-17.9755,-18.0249,Achiever 2038,PHP,Y,CF0014,SUN LIFE PROSPERITY ACHIEVER FUND 2038,
2020-09-29,0.8143,-18.464,-18.2758,Achiever 2038,PHP,Y,CF0014,SUN LIFE PROSPERITY ACHIEVER FUND 2038,
2020-09-28,0.8157,-18.3238,-18.1353,Achiever 2038,PHP,Y,CF0014,SUN LIFE PROSPERITY ACHIEVER FUND 2038,
2020-09-25,0.8132,-19.1971,-18.3862,Achiever 2038,PHP,Y,CF0014,SUN LIFE PROSPERITY ACHIEVER FUND 2038,
2020-09-24,0.8146,-19.0419,-18.2457,Achiever 2038,PHP,Y,CF0014,SUN LIFE PROSPERITY ACHIEVER FUND 2038,
2020-09-23,0.8194,-18.3051,-17.764,Achiever 2038,PHP,Y,CF0014,SUN LIFE PROSPERITY ACHIEVER FUND 2038,
2020-09-22,0.8196,-18.3177,-17.7439,Achiever 2038,PHP,Y,CF0014,SUN LIFE PROSPERITY ACHIEVER FUND 2038,
2020-09-21,0.8216,-18.1184,-17.5432,Achiever 2038,PHP,Y,CF0014,SUN LIFE PROSPERITY ACHIEVER FUND 2038,
2020-09-18,0.8226,-18.5545,-17.4428,Achiever 2038,PHP,Y,CF0014,SUN LIFE PROSPERITY ACHIEVER FUND 2038,
2020-09-17,0.8274,-18.2088,-16.9611,Achiever 2038,PHP,Y,CF0014,SUN LIFE PROSPERITY ACHIEVER FUND 2038,
2020-09-16,0.8299,-18.4053,-16.7102,Achiever 2038,PHP,Y,CF0014,SUN LIFE PROSPERITY ACHIEVER FUND 2038,
2020-09-15,0.8378,-17.7175,-15.9173,Achiever 2038,PHP,Y,CF0014,SUN LIFE PROSPERITY ACHIEVER FUND 2038,
2020-09-14,0.8361,-17.8845,-16.0879,Achiever 2038,PHP,Y,CF0014,SUN LIFE PROSPERITY ACHIEVER FUND 2038,
2020-09-11,0.833,-17.7121,-16.399,Achiever 2038,PHP,Y,CF0014,SUN LIFE PROSPERITY ACHIEVER FUND 2038,
2020-09-10,0.8263,-18.261,-17.0715,Achiever 2038,PHP,Y,CF0014,SUN LIFE PROSPERITY ACHIEVER FUND 2038,
2020-09-09,0.8303,-18.3178,-16.67,Achiever 2038,PHP,Y,CF0014,SUN LIFE PROSPERITY ACHIEVER FUND 2038,
2020-09-08,0.8413,-17.0479,-15.566,Achiever 2038,PHP,Y,CF0014,SUN LIFE PROSPERITY ACHIEVER FUND 2038,
2020-09-07,0.8306,-18.1029,-16.6399,Achiever 2038,PHP,Y,CF0014,SUN LIFE PROSPERITY ACHIEVER FUND 2038,
2020-09-04,0.8141,-19.1077,-18.2959,Achiever 2038,PHP,Y,CF0014,SUN LIFE PROSPERITY ACHIEVER FUND 2038,
2020-09-03,0.8123,-18.9887,-18.4765,Achiever 2038,PHP,Y,CF0014,SUN LIFE PROSPERITY ACHIEVER FUND 2038,
2020-09-02,0.8094,-20.2954,-18.7676,Achiever 2038,PHP,Y,CF0014,SUN LIFE PROSPERITY ACHIEVER FUND 2038,
2020-09-01,0.8161,-20.1858,-18.0951,Achiever 2038,PHP,Y,CF0014,SUN LIFE PROSPERITY ACHIEVER FUND 2038,
2020-08-28,0.8266,-18.0367,-17.0413,Achiever 2038,PHP,Y,CF0014,SUN LIFE PROSPERITY ACHIEVER FUND 2038,
2020-08-27,0.8313,-16.6282,-16.5697,Achiever 2038,PHP,Y,CF0014,SUN LIFE PROSPERITY ACHIEVER FUND 2038,
2020-08-26,0.8348,-17.5832,-16.2184,Achiever 2038,PHP,Y,CF0014,SUN LIFE PROSPERITY ACHIEVER FUND 2038,
2020-08-25,0.837,-17.366,-15.9976,Achiever 2038,PHP,Y,CF0014,SUN LIFE PROSPERITY ACHIEVER FUND 2038,
2020-08-24,0.8372,-17.3462,-15.9775,Achiever 2038,PHP,Y,CF0014,SUN LIFE PROSPERITY ACHIEVER FUND 2038,
2020-08-20,0.8441,-16.6156,-15.285,Achiever 2038,PHP,Y,CF0014,SUN LIFE PROSPERITY ACHIEVER FUND 2038,
2020-08-19,0.8482,-16.6224,-14.8735,Achiever 2038,PHP,Y,CF0014,SUN LIFE PROSPERITY ACHIEVER FUND 2038,
2020-08-18,0.8607,-14.1446,-13.619,Achiever 2038,PHP,Y,CF0014,SUN LIFE PROSPERITY ACHIEVER FUND 2038,
2020-08-17,0.8512,-15.0923,-14.5725,Achiever 2038,PHP,Y,CF0014,SUN LIFE PROSPERITY ACHIEVER FUND 2038,
2020-08-14,0.8498,-15.8531,-14.713,Achiever 2038,PHP,Y,CF0014,SUN LIFE PROSPERITY ACHIEVER FUND 2038,
2020-08-13,0.8515,-15.2483,-14.5424,Achiever 2038,PHP,Y,CF0014,SUN LIFE PROSPERITY ACHIEVER FUND 2038,
2020-08-12,0.8398,-16.8926,-15.7166,Achiever 2038,PHP,Y,CF0014,SUN LIFE PROSPERITY ACHIEVER FUND 2038,
2020-08-11,0.8354,-17.3281,-16.1582,Achiever 2038,PHP,Y,CF0014,SUN LIFE PROSPERITY ACHIEVER FUND 2038,
2020-08-10,0.8333,-17.5359,-16.3689,Achiever 2038,PHP,Y,CF0014,SUN LIFE PROSPERITY ACHIEVER FUND 2038,
2020-08-07,0.8242,-18.758,-17.2822,Achiever 2038,PHP,Y,CF0014,SUN LIFE PROSPERITY ACHIEVER FUND 2038,
2020-08-06,0.8283,-17.0206,-16.8707,Achiever 2038,PHP,Y,CF0014,SUN LIFE PROSPERITY ACHIEVER FUND 2038,
2020-08-05,0.8201,-18.9304,-17.6937,Achiever 2038,PHP,Y,CF0014,SUN LIFE PROSPERITY ACHIEVER FUND 2038,
2020-08-04,0.8138,-21.5161,-18.326,Achiever 2038,PHP,Y,CF0014,SUN LIFE PROSPERITY ACHIEVER FUND 2038,
2020-08-03,0.8076,-22.114,-18.9482,Achiever 2038,PHP,Y,CF0014,SUN LIFE PROSPERITY ACHIEVER FUND 2038,
2020-07-30,0.8309,-19.921,-16.6098,Achiever 2038,PHP,Y,CF0014,SUN LIFE PROSPERITY ACHIEVER FUND 2038,
2020-07-29,0.8345,-19.9444,-16.2485,Achiever 2038,PHP,Y,CF0014,SUN LIFE PROSPERITY ACHIEVER FUND 2038,
2020-07-28,0.8307,-20.286,-16.6299,Achiever 2038,PHP,Y,CF0014,SUN LIFE PROSPERITY ACHIEVER FUND 2038,
2020-07-27,0.8236,-20.9673,-17.3424,Achiever 2038,PHP,Y,CF0014,SUN LIFE PROSPERITY ACHIEVER FUND 2038,
2020-07-24,0.8391,-19.2785,-15.7868,Achiever 2038,PHP,Y,CF0014,SUN LIFE PROSPERITY ACHIEVER FUND 2038,
2020-07-23,0.8423,-19.6892,-15.4657,Achiever 2038,PHP,Y,CF0014,SUN LIFE PROSPERITY ACHIEVER FUND 2038,
2020-07-22,0.8461,-19.2576,-15.0843,Achiever 2038,PHP,Y,CF0014,SUN LIFE PROSPERITY ACHIEVER FUND 2038,
2020-07-21,0.854,-18.6667,-14.2914,Achiever 2038,PHP,Y,CF0014,SUN LIFE PROSPERITY ACHIEVER FUND 2038,
2020-07-20,0.8556,-18.5143,-14.1309,Achiever 2038,PHP,Y,CF0014,SUN LIFE PROSPERITY ACHIEVER FUND 2038,
2020-07-17,0.849,-18.8569,-14.7933,Achiever 2038,PHP,Y,CF0014,SUN LIFE PROSPERITY ACHIEVER FUND 2038,
2020-07-16,0.8556,-18.4832,-14.1309,Achiever 2038,PHP,Y,CF0014,SUN LIFE PROSPERITY ACHIEVER FUND 2038,
2020-07-15,0.8414,-20.6601,-15.556,Achiever 2038,PHP,Y,CF0014,SUN LIFE PROSPERITY ACHIEVER FUND 2038,
2020-07-14,0.8578,-17.2327,-13.9101,Achiever 2038,PHP,Y,CF0014,SUN LIFE PROSPERITY ACHIEVER FUND 2038,
2020-07-13,0.8584,-17.1748,-13.8499,Achiever 2038,PHP,Y,CF0014,SUN LIFE PROSPERITY ACHIEVER FUND 2038,
2020-07-10,0.8616,-16.2926,-13.5287,Achiever 2038,PHP,Y,CF0014,SUN LIFE PROSPERITY ACHIEVER FUND 2038,
2020-07-09,0.8611,-16.0558,-13.5789,Achiever 2038,PHP,Y,CF0014,SUN LIFE PROSPERITY ACHIEVER FUND 2038,
2020-07-08,0.8708,-15.2753,-12.6054,Achiever 2038,PHP,Y,CF0014,SUN LIFE PROSPERITY ACHIEVER FUND 2038,
2020-07-07,0.8679,-16.1287,-12.8964,Achiever 2038,PHP,Y,CF0014,SUN LIFE PROSPERITY ACHIEVER FUND 2038,
2020-07-06,0.8746,-15.4813,-12.224,Achiever 2038,PHP,Y,CF0014,SUN LIFE PROSPERITY ACHIEVER FUND 2038,
2020-07-03,0.8805,-14.705,-11.6319,Achiever 2038,PHP,Y,CF0014,SUN LIFE PROSPERITY ACHIEVER FUND 2038,
2020-07-02,0.8796,-14.7179,-11.7222,Achiever 2038,PHP,Y,CF0014,SUN LIFE PROSPERITY ACHIEVER FUND 2038,
2020-07-01,0.8635,-15.8546,-13.338,Achiever 2038,PHP,Y,CF0014,SUN LIFE PROSPERITY ACHIEVER FUND 2038,
2020-06-30,0.8629,-15.551,-13.3982,Achiever 2038,PHP,Y,CF0014,SUN LIFE PROSPERITY ACHIEVER FUND 2038,
2020-06-29,0.8524,-16.5786,-14.452,Achiever 2038,PHP,Y,CF0014,SUN LIFE PROSPERITY ACHIEVER FUND 2038,
2020-06-26,0.8585,-16.1048,-13.8398,Achiever 2038,PHP,Y,CF0014,SUN LIFE PROSPERITY ACHIEVER FUND 2038,
2020-06-25,0.8427,-17.8335,-15.4255,Achiever 2038,PHP,Y,CF0014,SUN LIFE PROSPERITY ACHIEVER FUND 2038,
2020-06-24,0.8505,-17.1537,-14.6427,Achiever 2038,PHP,Y,CF0014,SUN LIFE PROSPERITY ACHIEVER FUND 2038,
2020-06-23,0.8625,-15.8537,-13.4384,Achiever 2038,PHP,Y,CF0014,SUN LIFE PROSPERITY ACHIEVER FUND 2038,
2020-06-22,0.8679,-15.3268,-12.8964,Achiever 2038,PHP,Y,CF0014,SUN LIFE PROSPERITY ACHIEVER FUND 2038,
2020-06-19,0.8644,-15.4207,-13.2477,Achiever 2038,PHP,Y,CF0014,SUN LIFE PROSPERITY ACHIEVER FUND 2038,
2020-06-18,0.8685,-14.0184,-12.8362,Achiever 2038,PHP,Y,CF0014,SUN LIFE PROSPERITY ACHIEVER FUND 2038,
2020-06-17,0.8624,-14.368,-13.4484,Achiever 2038,PHP,Y,CF0014,SUN LIFE PROSPERITY ACHIEVER FUND 2038,
2020-06-16,0.8627,-15.1387,-13.4183,Achiever 2038,PHP,Y,CF0014,SUN LIFE PROSPERITY ACHIEVER FUND 2038,
2020-06-15,0.8498,-16.4076,-14.713,Achiever 2038,PHP,Y,CF0014,SUN LIFE PROSPERITY ACHIEVER FUND 2038,
2020-06-11,0.884,-13.655,-11.2806,Achiever 2038,PHP,Y,CF0014,SUN LIFE PROSPERITY ACHIEVER FUND 2038,
2020-06-10,0.8796,-14.4608,-11.7222,Achiever 2038,PHP,Y,CF0014,SUN LIFE PROSPERITY ACHIEVER FUND 2038,
2020-06-09,0.896,-12.0879,-10.0763,Achiever 2038,PHP,Y,CF0014,SUN LIFE PROSPERITY ACHIEVER FUND 2038,
2020-06-08,0.8883,-12.8434,-10.8491,Achiever 2038,PHP,Y,CF0014,SUN LIFE PROSPERITY ACHIEVER FUND 2038,
2020-06-05,0.8828,-12.7582,-11.401,Achiever 2038,PHP,Y,CF0014,SUN LIFE PROSPERITY ACHIEVER FUND 2038,
2020-06-04,0.8885,-12.1949,-10.829,Achiever 2038,PHP,Y,CF0014,SUN LIFE PROSPERITY ACHIEVER FUND 2038,
2020-06-03,0.8588,-16.1,-13.8097,Achiever 2038,PHP,Y,CF0014,SUN LIFE PROSPERITY ACHIEVER FUND 2038,
2020-06-02,0.834,-17.5808,-16.2987,Achiever 2038,PHP,Y,CF0014,SUN LIFE PROSPERITY ACHIEVER FUND 2038,
2020-06-01,0.8258,-18.3911,-17.1216,Achiever 2038,PHP,Y,CF0014,SUN LIFE PROSPERITY ACHIEVER FUND 2038,
2020-05-29,0.8153,-17.9118,-18.1754,Achiever 2038,PHP,Y,CF0014,SUN LIFE PROSPERITY ACHIEVER FUND 2038,
2020-05-28,0.7857,-20.524,-21.1461,Achiever 2038,PHP,Y,CF0014,SUN LIFE PROSPERITY ACHIEVER FUND 2038,
2020-05-27,0.7802,-20.7355,-21.6981,Achiever 2038,PHP,Y,CF0014,SUN LIFE PROSPERITY ACHIEVER FUND 2038,
2020-05-26,0.7768,-21.241,-22.0393,Achiever 2038,PHP,Y,CF0014,SUN LIFE PROSPERITY ACHIEVER FUND 2038,
2020-05-22,0.7804,-21.291,-21.678,Achiever 2038,PHP,Y,CF0014,SUN LIFE PROSPERITY ACHIEVER FUND 2038,
2020-05-21,0.786,-19.943,-21.116,Achiever 2038,PHP,Y,CF0014,SUN LIFE PROSPERITY ACHIEVER FUND 2038,
2020-05-20,0.7836,-19.672,-21.3569,Achiever 2038,PHP,Y,CF0014,SUN LIFE PROSPERITY ACHIEVER FUND 2038,
2020-05-19,0.7828,-19.0988,-21.4372,Achiever 2038,PHP,Y,CF0014,SUN LIFE PROSPERITY ACHIEVER FUND 2038,
2020-05-18,0.7745,-19.9566,-22.2702,Achiever 2038,PHP,Y,CF0014,SUN LIFE PROSPERITY ACHIEVER FUND 2038,
2020-05-15,0.7815,-19.3332,-21.5676,Achiever 2038,PHP,Y,CF0014,SUN LIFE PROSPERITY ACHIEVER FUND 2038,
2020-05-14,0.7939,-18.6828,-20.3232,Achiever 2038,PHP,Y,CF0014,SUN LIFE PROSPERITY ACHIEVER FUND 2038,
2020-05-13,0.7908,-19.8378,-20.6343,Achiever 2038,PHP,Y,CF0014,SUN LIFE PROSPERITY ACHIEVER FUND 2038,
2020-05-12,0.7935,-19.5641,-20.3633,Achiever 2038,PHP,Y,CF0014,SUN LIFE PROSPERITY ACHIEVER FUND 2038,
2020-05-11,0.7958,-19.331,-20.1325,Achiever 2038,PHP,Y,CF0014,SUN LIFE PROSPERITY ACHIEVER FUND 2038,
2020-05-08,0.7909,-21.2565,-20.6242,Achiever 2038,PHP,Y,CF0014,SUN LIFE PROSPERITY ACHIEVER FUND 2038,
2020-05-07,0.7943,-20.847,-20.283,Achiever 2038,PHP,Y,CF0014,SUN LIFE PROSPERITY ACHIEVER FUND 2038,
2020-05-06,0.7925,-20.6389,-20.4637,Achiever 2038,PHP,Y,CF0014,SUN LIFE PROSPERITY ACHIEVER FUND 2038,
2020-05-05,0.7963,-21.0098,-20.0823,Achiever 2038,PHP,Y,CF0014,SUN LIFE PROSPERITY ACHIEVER FUND 2038,
2020-05-04,0.7832,-22.3093,-21.397,Achiever 2038,PHP,Y,CF0014,SUN LIFE PROSPERITY ACHIEVER FUND 2038,
2020-04-30,0.7964,-20.6457,-20.0723,Achiever 2038,PHP,Y,CF0014,SUN LIFE PROSPERITY ACHIEVER FUND 2038,
2020-04-29,0.7917,-20.5838,-20.544,Achiever 2038,PHP,Y,CF0014,SUN LIFE PROSPERITY ACHIEVER FUND 2038,
2020-04-28,0.7824,-21.2956,-21.4773,Achiever 2038,PHP,Y,CF0014,SUN LIFE PROSPERITY ACHIEVER FUND 2038,
2020-04-27,0.7673,-22.8146,-22.9928,Achiever 2038,PHP,Y,CF0014,SUN LIFE PROSPERITY ACHIEVER FUND 2038,
2020-04-24,0.7671,-22.5933,-23.0128,Achiever 2038,PHP,Y,CF0014,SUN LIFE PROSPERITY ACHIEVER FUND 2038,
2020-04-23,0.781,-20.8633,-21.6178,Achiever 2038,PHP,Y,CF0014,SUN LIFE PROSPERITY ACHIEVER FUND 2038,
2020-04-22,0.7805,-21.026,-21.668,Achiever 2038,PHP,Y,CF0014,SUN LIFE PROSPERITY ACHIEVER FUND 2038,
2020-04-21,0.7825,-20.8717,-21.4673,Achiever 2038,PHP,Y,CF0014,SUN LIFE PROSPERITY ACHIEVER FUND 2038,
2020-04-20,0.798,-19.3043,-19.9117,Achiever 2038,PHP,Y,CF0014,SUN LIFE PROSPERITY ACHIEVER FUND 2038,
2020-04-17,0.8043,-18.6672,-19.2794,Achiever 2038,PHP,Y,CF0014,SUN LIFE PROSPERITY ACHIEVER FUND 2038,
2020-04-16,0.7728,-21.7893,-22.4408,Achiever 2038,PHP,Y,CF0014,SUN LIFE PROSPERITY ACHIEVER FUND 2038,
2020-04-15,0.8172,-16.9259,-17.9847,Achiever 2038,PHP,Y,CF0014,SUN LIFE PROSPERITY ACHIEVER FUND 2038,
2020-04-14,0.7979,-19.7122,-19.9217,Achiever 2038,PHP,Y,CF0014,SUN LIFE PROSPERITY ACHIEVER FUND 2038,
2020-04-13,0.7752,-21.9964,-22.1999,Achiever 2038,PHP,Y,CF0014,SUN LIFE PROSPERITY ACHIEVER FUND 2038,
2020-04-08,0.7642,-23.5494,-23.3039,Achiever 2038,PHP,Y,CF0014,SUN LIFE PROSPERITY ACHIEVER FUND 2038,
2020-04-07,0.778,-21.8483,-21.9189,Achiever 2038,PHP,Y,CF0014,SUN LIFE PROSPERITY ACHIEVER FUND 2038,
2020-04-06,0.7693,-22.7223,-22.7921,Achiever 2038,PHP,Y,CF0014,SUN LIFE PROSPERITY ACHIEVER FUND 2038,
2020-04-03,0.7448,-25.4006,-25.2509,Achiever 2038,PHP,Y,CF0014,SUN LIFE PROSPERITY ACHIEVER FUND 2038,
2020-04-02,0.7439,-25.5877,-25.3412,Achiever 2038,PHP,Y,CF0014,SUN LIFE PROSPERITY ACHIEVER FUND 2038,
2020-04-01,0.7515,-24.6314,-24.5785,Achiever 2038,PHP,Y,CF0014,SUN LIFE PROSPERITY ACHIEVER FUND 2038,
2020-03-31,0.7421,-26.1445,-25.5219,Achiever 2038,PHP,Y,CF0014,SUN LIFE PROSPERITY ACHIEVER FUND 2038,
2020-03-30,0.7208,-28.2643,-27.6596,Achiever 2038,PHP,Y,CF0014,SUN LIFE PROSPERITY ACHIEVER FUND 2038,
2020-03-27,0.7356,-26.0629,-26.1742,Achiever 2038,PHP,Y,CF0014,SUN LIFE PROSPERITY ACHIEVER FUND 2038,
2020-03-26,0.75,-24.8798,-24.729,Achiever 2038,PHP,Y,CF0014,SUN LIFE PROSPERITY ACHIEVER FUND 2038,
2020-03-25,0.7091,-28.6045,-28.8338,Achiever 2038,PHP,Y,CF0014,SUN LIFE PROSPERITY ACHIEVER FUND 2038,
2020-03-24,0.6705,-33.4425,-32.7077,Achiever 2038,PHP,Y,CF0014,SUN LIFE PROSPERITY ACHIEVER FUND 2038,
2020-03-23,0.6746,-33.0355,-32.2963,Achiever 2038,PHP,Y,CF0014,SUN LIFE PROSPERITY ACHIEVER FUND 2038,
2020-03-20,0.6783,-31.5056,-31.9249,Achiever 2038,PHP,Y,CF0014,SUN LIFE PROSPERITY ACHIEVER FUND 2038,
2020-03-19,0.6622,-33.0164,-33.5407,Achiever 2038,PHP,Y,CF0014,SUN LIFE PROSPERITY ACHIEVER FUND 2038,
2020-03-18,0.7374,-25.5377,-25.9936,Achiever 2038,PHP,Y,CF0014,SUN LIFE PROSPERITY ACHIEVER FUND 2038,
2020-03-16,0.7374,-24.7628,-25.9936,Achiever 2038,PHP,Y,CF0014,SUN LIFE PROSPERITY ACHIEVER FUND 2038,
2020-03-13,0.788,-19.1961,-20.9153,Achiever 2038,PHP,Y,CF0014,SUN LIFE PROSPERITY ACHIEVER FUND 2038,
2020-03-12,0.7865,-19.2007,-21.0658,Achiever 2038,PHP,Y,CF0014,SUN LIFE PROSPERITY ACHIEVER FUND 2038,
2020-03-11,0.8525,-12.0953,-14.442,Achiever 2038,PHP,Y,CF0014,SUN LIFE PROSPERITY ACHIEVER FUND 2038,
2020-03-10,0.849,-13.27,-14.7933,Achiever 2038,PHP,Y,CF0014,SUN LIFE PROSPERITY ACHIEVER FUND 2038,
2020-03-09,0.8493,-13.2394,-14.7631,Achiever 2038,PHP,Y,CF0014,SUN LIFE PROSPERITY ACHIEVER FUND 2038,
2020-03-06,0.8952,-8.6624,-10.1566,Achiever 2038,PHP,Y,CF0014,SUN LIFE PROSPERITY ACHIEVER FUND 2038,
2020-03-05,0.9068,-5.787,-8.9924,Achiever 2038,PHP,Y,CF0014,SUN LIFE PROSPERITY ACHIEVER FUND 2038,
2020-03-04,0.9051,-5.8071,-9.163,Achiever 2038,PHP,Y,CF0014,SUN LIFE PROSPERITY ACHIEVER FUND 2038,
2020-03-03,0.8945,-6.5601,-10.2268,Achiever 2038,PHP,Y,CF0014,SUN LIFE PROSPERITY ACHIEVER FUND 2038,
2020-03-02,0.8915,-6.8735,-10.5279,Achiever 2038,PHP,Y,CF0014,SUN LIFE PROSPERITY ACHIEVER FUND 2038,
2020-02-28,0.8948,-7.1399,-10.1967,Achiever 2038,PHP,Y,CF0014,SUN LIFE PROSPERITY ACHIEVER FUND 2038,
2020-02-27,0.9131,-7.0542,-8.3601,Achiever 2038,PHP,Y,CF0014,SUN LIFE PROSPERITY ACHIEVER FUND 2038,
2020-02-26,0.9074,-8.5651,-8.9322,Achiever 2038,PHP,Y,CF0014,SUN LIFE PROSPERITY ACHIEVER FUND 2038,
2020-02-24,0.9354,-5.5152,-6.122,Achiever 2038,PHP,Y,CF0014,SUN LIFE PROSPERITY ACHIEVER FUND 2038,
2020-02-21,0.9536,-3.3644,-4.2955,Achiever 2038,PHP,Y,CF0014,SUN LIFE PROSPERITY ACHIEVER FUND 2038,
2020-02-20,0.9569,-3.0496,-3.9643,Achiever 2038,PHP,Y,CF0014,SUN LIFE PROSPERITY ACHIEVER FUND 2038,
2020-02-19,0.9552,-2.081,-4.1349,Achiever 2038,PHP,Y,CF0014,SUN LIFE PROSPERITY ACHIEVER FUND 2038,
2020-02-18,0.9464,-3.8114,-5.0181,Achiever 2038,PHP,Y,CF0014,SUN LIFE PROSPERITY ACHIEVER FUND 2038,
2020-02-17,0.9462,-3.8708,-5.0381,Achiever 2038,PHP,Y,CF0014,SUN LIFE PROSPERITY ACHIEVER FUND 2038,
2020-02-14,0.9418,-5.0126,-5.4797,Achiever 2038,PHP,Y,CF0014,SUN LIFE PROSPERITY ACHIEVER FUND 2038,
2020-02-13,0.9538,-3.138,-4.2754,Achiever 2038,PHP,Y,CF0014,SUN LIFE PROSPERITY ACHIEVER FUND 2038,
2020-02-12,0.9519,-4.245,-4.4661,Achiever 2038,PHP,Y,CF0014,SUN LIFE PROSPERITY ACHIEVER FUND 2038,
2020-02-11,0.9585,-4.006,-3.8037,Achiever 2038,PHP,Y,CF0014,SUN LIFE PROSPERITY ACHIEVER FUND 2038,
2020-02-10,0.9574,-4.2408,-3.9141,Achiever 2038,PHP,Y,CF0014,SUN LIFE PROSPERITY ACHIEVER FUND 2038,
2020-02-07,0.9645,-3.9151,-3.2015,Achiever 2038,PHP,Y,CF0014,SUN LIFE PROSPERITY ACHIEVER FUND 2038,
2020-02-06,0.9647,-3.7418,-3.1815,Achiever 2038,PHP,Y,CF0014,SUN LIFE PROSPERITY ACHIEVER FUND 2038,
2020-02-05,0.9484,-5.3965,-4.8173,Achiever 2038,PHP,Y,CF0014,SUN LIFE PROSPERITY ACHIEVER FUND 2038,
2020-02-04,0.9344,-6.793,-6.2224,Achiever 2038,PHP,Y,CF0014,SUN LIFE PROSPERITY ACHIEVER FUND 2038,
2020-02-03,0.9281,-8.1089,-6.8547,Achiever 2038,PHP,Y,CF0014,SUN LIFE PROSPERITY ACHIEVER FUND 2038,
2020-01-31,0.9343,-5.9493,-6.2324,Achiever 2038,PHP,Y,CF0014,SUN LIFE PROSPERITY ACHIEVER FUND 2038,
2020-01-30,0.954,-3.5877,-4.2553,Achiever 2038,PHP,Y,CF0014,SUN LIFE PROSPERITY ACHIEVER FUND 2038,
2020-01-29,0.9583,-3.9298,-3.8238,Achiever 2038,PHP,Y,CF0014,SUN LIFE PROSPERITY ACHIEVER FUND 2038,
2020-01-28,0.9592,-4.08,-3.7334,Achiever 2038,PHP,Y,CF0014,SUN LIFE PROSPERITY ACHIEVER FUND 2038,
2020-01-27,0.9707,0.0,-2.5793,Achiever 2038,PHP,Y,CF0014,SUN LIFE PROSPERITY ACHIEVER FUND 2038,
2020-01-24,0.9748,0.0,-2.1678,Achiever 2038,PHP,Y,CF0014,SUN LIFE PROSPERITY ACHIEVER FUND 2038,
2020-01-23,0.9737,0.0,-2.2782,Achiever 2038,PHP,Y,CF0014,SUN LIFE PROSPERITY ACHIEVER FUND 2038,
2020-01-22,0.9566,0.0,-3.9944,Achiever 2038,PHP,Y,CF0014,SUN LIFE PROSPERITY ACHIEVER FUND 2038,
2020-01-21,0.9564,0.0,-4.0145,Achiever 2038,PHP,Y,CF0014,SUN LIFE PROSPERITY ACHIEVER FUND 2038,
2020-01-20,0.9655,0.0,-3.1012,Achiever 2038,PHP,Y,CF0014,SUN LIFE PROSPERITY ACHIEVER FUND 2038,
2020-01-17,0.9836,0.0,-1.2846,Achiever 2038,PHP,Y,CF0014,SUN LIFE PROSPERITY ACHIEVER FUND 2038,
2020-01-16,0.9764,0.0,-2.0072,Achiever 2038,PHP,Y,CF0014,SUN LIFE PROSPERITY ACHIEVER FUND 2038,
2020-01-15,0.9774,0.0,-1.9069,Achiever 2038,PHP,Y,CF0014,SUN LIFE PROSPERITY ACHIEVER FUND 2038,
2020-01-14,0.9911,0.0,-0.5319,Achiever 2038,PHP,Y,CF0014,SUN LIFE PROSPERITY ACHIEVER FUND 2038,
2020-01-10,0.9909,0.0,-0.552,Achiever 2038,PHP,Y,CF0014,SUN LIFE PROSPERITY ACHIEVER FUND 2038,
2020-01-09,0.9931,0.0,-0.3312,Achiever 2038,PHP,Y,CF0014,SUN LIFE PROSPERITY ACHIEVER FUND 2038,
2020-01-08,0.9859,0.0,-1.0538,Achiever 2038,PHP,Y,CF0014,SUN LIFE PROSPERITY ACHIEVER FUND 2038,
2020-01-07,0.9987,0.0,0.2308,Achiever 2038,PHP,Y,CF0014,SUN LIFE PROSPERITY ACHIEVER FUND 2038,
2020-01-06,0.9943,0.0,-0.2108,Achiever 2038,PHP,Y,CF0014,SUN LIFE PROSPERITY ACHIEVER FUND 2038,
2020-01-03,0.9995,0.0,0.3111,Achiever 2038,PHP,Y,CF0014,SUN LIFE PROSPERITY ACHIEVER FUND 2038,
2020-01-02,0.9886,0.0,-0.7828,Achiever 2038,PHP,Y,CF0014,SUN LIFE PROSPERITY ACHIEVER FUND 2038,
2019-12-27,0.9965,0.0,-0.35,Achiever 2038,PHP,Y,CF0014,SUN LIFE PROSPERITY ACHIEVER FUND 2038,
2019-12-26,0.9987,0.0,-0.13,Achiever 2038,PHP,Y,CF0014,SUN LIFE PROSPERITY ACHIEVER FUND 2038,
2019-12-23,1.001,0.0,0.1,Achiever 2038,PHP,Y,CF0014,SUN LIFE PROSPERITY ACHIEVER FUND 2038,
2019-12-20,0.9906,0.0,-0.94,Achiever 2038,PHP,Y,CF0014,SUN LIFE PROSPERITY ACHIEVER FUND 2038,
2019-12-19,0.9781,0.0,-2.19,Achiever 2038,PHP,Y,CF0014,SUN LIFE PROSPERITY ACHIEVER FUND 2038,
2019-12-18,0.9867,0.0,-1.33,Achiever 2038,PHP,Y,CF0014,SUN LIFE PROSPERITY ACHIEVER FUND 2038,
2019-12-17,0.9867,0.0,-1.33,Achiever 2038,PHP,Y,CF0014,SUN LIFE PROSPERITY ACHIEVER FUND 2038,
2019-12-16,0.9842,0.0,-1.58,Achiever 2038,PHP,Y,CF0014,SUN LIFE PROSPERITY ACHIEVER FUND 2038,
2019-12-13,1.0019,0.0,0.19,Achiever 2038,PHP,Y,CF0014,SUN LIFE PROSPERITY ACHIEVER FUND 2038,
2019-12-12,0.9873,0.0,-1.27,Achiever 2038,PHP,Y,CF0014,SUN LIFE PROSPERITY ACHIEVER FUND 2038,
2019-12-11,0.992,0.0,-0.8,Achiever 2038,PHP,Y,CF0014,SUN LIFE PROSPERITY ACHIEVER FUND 2038,
2019-12-10,0.9868,0.0,-1.32,Achiever 2038,PHP,Y,CF0014,SUN LIFE PROSPERITY ACHIEVER FUND 2038,
2019-12-09,0.9906,0.0,-0.94,Achiever 2038,PHP,Y,CF0014,SUN LIFE PROSPERITY ACHIEVER FUND 2038,
2019-12-06,0.9929,0.0,-0.71,Achiever 2038,PHP,Y,CF0014,SUN LIFE PROSPERITY ACHIEVER FUND 2038,
2019-12-05,0.9918,0.0,-0.82,Achiever 2038,PHP,Y,CF0014,SUN LIFE PROSPERITY ACHIEVER FUND 2038,
2019-12-04,0.9944,0.0,-0.56,Achiever 2038,PHP,Y,CF0014,SUN LIFE PROSPERITY ACHIEVER FUND 2038,
2019-12-02,1.0002,0.0,0.02,Achiever 2038,PHP,Y,CF0014,SUN LIFE PROSPERITY ACHIEVER FUND 2038,
2019-11-29,0.9858,0.0,-1.42,Achiever 2038,PHP,Y,CF0014,SUN LIFE PROSPERITY ACHIEVER FUND 2038,
2019-11-28,0.9879,0.0,-1.21,Achiever 2038,PHP,Y,CF0014,SUN LIFE PROSPERITY ACHIEVER FUND 2038,
2019-11-27,0.9952,0.0,-0.48,Achiever 2038,PHP,Y,CF0014,SUN LIFE PROSPERITY ACHIEVER FUND 2038,
2019-11-26,0.9826,0.0,-1.74,Achiever 2038,PHP,Y,CF0014,SUN LIFE PROSPERITY ACHIEVER FUND 2038,
2019-11-25,0.9898,0.0,-1.02,Achiever 2038,PHP,Y,CF0014,SUN LIFE PROSPERITY ACHIEVER FUND 2038,
2019-11-22,0.9956,0.0,-0.44,Achiever 2038,PHP,Y,CF0014,SUN LIFE PROSPERITY ACHIEVER FUND 2038,
2019-11-21,0.9967,0.0,-0.33,Achiever 2038,PHP,Y,CF0014,SUN LIFE PROSPERITY ACHIEVER FUND 2038,
2019-11-20,1.005,0.0,0.5,Achiever 2038,PHP,Y,CF0014,SUN LIFE PROSPERITY ACHIEVER FUND 2038,
2019-11-19,1.0066,0.0,0.66,Achiever 2038,PHP,Y,CF0014,SUN LIFE PROSPERITY ACHIEVER FUND 2038,
2019-11-18,1.0031,0.0,0.31,Achiever 2038,PHP,Y,CF0014,SUN LIFE PROSPERITY ACHIEVER FUND 2038,
2019-11-15,1.0083,0.0,0.83,Achiever 2038,PHP,Y,CF0014,SUN LIFE PROSPERITY ACHIEVER FUND 2038,
2019-11-14,1.0082,0.0,0.82,Achiever 2038,PHP,Y,CF0014,SUN LIFE PROSPERITY ACHIEVER FUND 2038,
2019-11-13,1.0105,0.0,1.05,Achiever 2038,PHP,Y,CF0014,SUN LIFE PROSPERITY ACHIEVER FUND 2038,
2019-11-12,1.0175,0.0,1.75,Achiever 2038,PHP,Y,CF0014,SUN LIFE PROSPERITY ACHIEVER FUND 2038,
2019-11-11,1.016,0.0,1.6,Achiever 2038,PHP,Y,CF0014,SUN LIFE PROSPERITY ACHIEVER FUND 2038,
2019-11-08,1.0232,0.0,2.32,Achiever 2038,PHP,Y,CF0014,SUN LIFE PROSPERITY ACHIEVER FUND 2038,
2019-11-07,1.0248,0.0,2.48,Achiever 2038,PHP,Y,CF0014,SUN LIFE PROSPERITY ACHIEVER FUND 2038,
2019-11-06,1.02,0.0,2.0,Achiever 2038,PHP,Y,CF0014,SUN LIFE PROSPERITY ACHIEVER FUND 2038,
2019-11-05,1.0403,0.0,4.03,Achiever 2038,PHP,Y,CF0014,SUN LIFE PROSPERITY ACHIEVER FUND 2038,
2019-11-04,1.0235,0.0,2.35,Achiever 2038,PHP,Y,CF0014,SUN LIFE PROSPERITY ACHIEVER FUND 2038,
2019-10-31,1.0143,0.0,1.43,Achiever 2038,PHP,Y,CF0014,SUN LIFE PROSPERITY ACHIEVER FUND 2038,
2019-10-30,1.0189,0.0,1.89,Achiever 2038,PHP,Y,CF0014,SUN LIFE PROSPERITY ACHIEVER FUND 2038,
2019-10-29,1.0164,0.0,1.64,Achiever 2038,PHP,Y,CF0014,SUN LIFE PROSPERITY ACHIEVER FUND 2038,
2019-10-28,1.0116,0.0,1.16,Achiever 2038,PHP,Y,CF0014,SUN LIFE PROSPERITY ACHIEVER FUND 2038,
2019-10-25,1.0095,0.0,0.95,Achiever 2038,PHP,Y,CF0014,SUN LIFE PROSPERITY ACHIEVER FUND 2038,
2019-10-24,1.0124,0.0,1.24,Achiever 2038,PHP,Y,CF0014,SUN LIFE PROSPERITY ACHIEVER FUND 2038,
2019-10-23,1.0107,0.0,1.07,Achiever 2038,PHP,Y,CF0014,SUN LIFE PROSPERITY ACHIEVER FUND 2038,
2019-10-22,1.013,0.0,1.3,Achiever 2038,PHP,Y,CF0014,SUN LIFE PROSPERITY ACHIEVER FUND 2038,
2019-10-21,1.0057,0.0,0.57,Achiever 2038,PHP,Y,CF0014,SUN LIFE PROSPERITY ACHIEVER FUND 2038,
2019-10-18,1.0055,0.0,0.55,Achiever 2038,PHP,Y,CF0014,SUN LIFE PROSPERITY ACHIEVER FUND 2038,
2019-10-17,1.0097,0.0,0.97,Achiever 2038,PHP,Y,CF0014,SUN LIFE PROSPERITY ACHIEVER FUND 2038,
2019-10-16,1.0082,0.0,0.82,Achiever 2038,PHP,Y,CF0014,SUN LIFE PROSPERITY ACHIEVER FUND 2038,
2019-10-15,1.0003,0.0,0.03,Achiever 2038,PHP,Y,CF0014,SUN LIFE PROSPERITY ACHIEVER FUND 2038,
2019-10-14,1.0057,0.0,0.57,Achiever 2038,PHP,Y,CF0014,SUN LIFE PROSPERITY ACHIEVER FUND 2038,
2019-10-11,1.0021,0.0,0.21,Achiever 2038,PHP,Y,CF0014,SUN LIFE PROSPERITY ACHIEVER FUND 2038,
2019-10-10,0.9933,0.0,-0.67,Achiever 2038,PHP,Y,CF0014,SUN LIFE PROSPERITY ACHIEVER FUND 2038,
2019-10-09,0.9845,0.0,-1.55,Achiever 2038,PHP,Y,CF0014,SUN LIFE PROSPERITY ACHIEVER FUND 2038,
2019-10-08,0.9924,0.0,-0.76,Achiever 2038,PHP,Y,CF0014,SUN LIFE PROSPERITY ACHIEVER FUND 2038,
2019-10-07,0.9855,0.0,-1.45,Achiever 2038,PHP,Y,CF0014,SUN LIFE PROSPERITY ACHIEVER FUND 2038,
2019-10-04,0.9879,0.0,-1.21,Achiever 2038,PHP,Y,CF0014,SUN LIFE PROSPERITY ACHIEVER FUND 2038,
2019-10-03,0.9708,0.0,-2.92,Achiever 2038,PHP,Y,CF0014,SUN LIFE PROSPERITY ACHIEVER FUND 2038,
2019-10-02,0.9771,0.0,-2.29,Achiever 2038,PHP,Y,CF0014,SUN LIFE PROSPERITY ACHIEVER FUND 2038,
2019-10-01,0.9917,0.0,-0.83,Achiever 2038,PHP,Y,CF0014,SUN LIFE PROSPERITY ACHIEVER FUND 2038,
2019-09-30,0.9958,0.0,-0.42,Achiever 2038,PHP,Y,CF0014,SUN LIFE PROSPERITY ACHIEVER FUND 2038,
2019-09-27,0.9987,0.0,-0.13,Achiever 2038,PHP,Y,CF0014,SUN LIFE PROSPERITY ACHIEVER FUND 2038,
2019-09-26,1.0065,0.0,0.65,Achiever 2038,PHP,Y,CF0014,SUN LIFE PROSPERITY ACHIEVER FUND 2038,
2019-09-25,1.0064,0.0,0.64,Achiever 2038,PHP,Y,CF0014,SUN LIFE PROSPERITY ACHIEVER FUND 2038,
2019-09-24,1.0062,0.0,0.62,Achiever 2038,PHP,Y,CF0014,SUN LIFE PROSPERITY ACHIEVER FUND 2038,
2019-09-23,1.003,0.0,0.3,Achiever 2038,PHP,Y,CF0014,SUN LIFE PROSPERITY ACHIEVER FUND 2038,
2019-09-20,1.0034,0.0,0.34,Achiever 2038,PHP,Y,CF0014,SUN LIFE PROSPERITY ACHIEVER FUND 2038,
2019-09-19,1.0094,0.0,0.94,Achiever 2038,PHP,Y,CF0014,SUN LIFE PROSPERITY ACHIEVER FUND 2038,
2019-09-18,1.01,0.0,1.0,Achiever 2038,PHP,Y,CF0014,SUN LIFE PROSPERITY ACHIEVER FUND 2038,
2019-09-17,1.0116,0.0,1.16,Achiever 2038,PHP,Y,CF0014,SUN LIFE PROSPERITY ACHIEVER FUND 2038,
2019-09-16,1.0171,0.0,1.71,Achiever 2038,PHP,Y,CF0014,SUN LIFE PROSPERITY ACHIEVER FUND 2038,
2019-09-13,1.0182,0.0,1.82,Achiever 2038,PHP,Y,CF0014,SUN LIFE PROSPERITY ACHIEVER FUND 2038,
2019-09-12,1.0106,0.0,1.06,Achiever 2038,PHP,Y,CF0014,SUN LIFE PROSPERITY ACHIEVER FUND 2038,
2019-09-11,1.0123,0.0,1.23,Achiever 2038,PHP,Y,CF0014,SUN LIFE PROSPERITY ACHIEVER FUND 2038,
2019-09-10,1.0109,0.0,1.09,Achiever 2038,PHP,Y,CF0014,SUN LIFE PROSPERITY ACHIEVER FUND 2038,
2019-09-09,1.0165,0.0,1.65,Achiever 2038,PHP,Y,CF0014,SUN LIFE PROSPERITY ACHIEVER FUND 2038,
2019-09-06,1.0142,0.0,1.42,Achiever 2038,PHP,Y,CF0014,SUN LIFE PROSPERITY ACHIEVER FUND 2038,
2019-09-05,1.0123,0.0,1.23,Achiever 2038,PHP,Y,CF0014,SUN LIFE PROSPERITY ACHIEVER FUND 2038,
2019-09-04,1.0064,0.0,0.64,Achiever 2038,PHP,Y,CF0014,SUN LIFE PROSPERITY ACHIEVER FUND 2038,
2019-09-03,1.0027,0.0,0.27,Achiever 2038,PHP,Y,CF0014,SUN LIFE PROSPERITY ACHIEVER FUND 2038,
2019-09-02,1.0155,0.0,1.55,Achiever 2038,PHP,Y,CF0014,SUN LIFE PROSPERITY ACHIEVER FUND 2038,
2019-08-30,1.0225,0.0,2.25,Achiever 2038,PHP,Y,CF0014,SUN LIFE PROSPERITY ACHIEVER FUND 2038,
2019-08-29,1.0137,0.0,1.37,Achiever 2038,PHP,Y,CF0014,SUN LIFE PROSPERITY ACHIEVER FUND 2038,
2019-08-28,1.0085,0.0,0.85,Achiever 2038,PHP,Y,CF0014,SUN LIFE PROSPERITY ACHIEVER FUND 2038,
2019-08-27,0.9971,0.0,-0.29,Achiever 2038,PHP,Y,CF0014,SUN LIFE PROSPERITY ACHIEVER FUND 2038,
2019-08-23,1.0129,0.0,1.29,Achiever 2038,PHP,Y,CF0014,SUN LIFE PROSPERITY ACHIEVER FUND 2038,
2019-08-22,1.0088,0.0,0.88,Achiever 2038,PHP,Y,CF0014,SUN LIFE PROSPERITY ACHIEVER FUND 2038,
2019-08-20,1.0123,0.0,1.23,Achiever 2038,PHP,Y,CF0014,SUN LIFE PROSPERITY ACHIEVER FUND 2038,
2019-08-19,1.0173,0.0,1.73,Achiever 2038,PHP,Y,CF0014,SUN LIFE PROSPERITY ACHIEVER FUND 2038,
2019-08-16,1.0025,0.0,0.25,Achiever 2038,PHP,Y,CF0014,SUN LIFE PROSPERITY ACHIEVER FUND 2038,
2019-08-15,1.0068,0.0,0.68,Achiever 2038,PHP,Y,CF0014,SUN LIFE PROSPERITY ACHIEVER FUND 2038,
2019-08-14,1.0099,0.0,0.99,Achiever 2038,PHP,Y,CF0014,SUN LIFE PROSPERITY ACHIEVER FUND 2038,
2019-08-13,1.0047,0.0,0.47,Achiever 2038,PHP,Y,CF0014,SUN LIFE PROSPERITY ACHIEVER FUND 2038,
2019-08-09,1.0105,0.0,1.05,Achiever 2038,PHP,Y,CF0014,SUN LIFE PROSPERITY ACHIEVER FUND 2038,
2019-08-08,1.0155,0.0,1.55,Achiever 2038,PHP,Y,CF0014,SUN LIFE PROSPERITY ACHIEVER FUND 2038,
2019-08-07,1.0145,0.0,1.45,Achiever 2038,PHP,Y,CF0014,SUN LIFE PROSPERITY ACHIEVER FUND 2038,
2019-08-06,0.9982,0.0,-0.18,Achiever 2038,PHP,Y,CF0014,SUN LIFE PROSPERITY ACHIEVER FUND 2038,
2019-08-05,1.0116,0.0,1.16,Achiever 2038,PHP,Y,CF0014,SUN LIFE PROSPERITY ACHIEVER FUND 2038,
2019-08-02,1.0369,0.0,3.69,Achiever 2038,PHP,Y,CF0014,SUN LIFE PROSPERITY ACHIEVER FUND 2038,
2019-08-01,1.0329,0.0,3.29,Achiever 2038,PHP,Y,CF0014,SUN LIFE PROSPERITY ACHIEVER FUND 2038,
2019-07-31,1.0265,0.0,2.65,Achiever 2038,PHP,Y,CF0014,SUN LIFE PROSPERITY ACHIEVER FUND 2038,
2019-07-30,1.0376,0.0,3.76,Achiever 2038,PHP,Y,CF0014,SUN LIFE PROSPERITY ACHIEVER FUND 2038,
2019-07-29,1.0424,0.0,4.24,Achiever 2038,PHP,Y,CF0014,SUN LIFE PROSPERITY ACHIEVER FUND 2038,
2019-07-26,1.0421,0.0,4.21,Achiever 2038,PHP,Y,CF0014,SUN LIFE PROSPERITY ACHIEVER FUND 2038,
2019-07-25,1.0515,0.0,5.15,Achiever 2038,PHP,Y,CF0014,SUN LIFE PROSPERITY ACHIEVER FUND 2038,
2019-07-24,1.0395,0.0,3.95,Achiever 2038,PHP,Y,CF0014,SUN LIFE PROSPERITY ACHIEVER FUND 2038,
2019-07-23,1.0488,0.0,4.88,Achiever 2038,PHP,Y,CF0014,SUN LIFE PROSPERITY ACHIEVER FUND 2038,
2019-07-22,1.0479,0.0,4.79,Achiever 2038,PHP,Y,CF0014,SUN LIFE PROSPERITY ACHIEVER FUND 2038,
2019-07-19,1.05,0.0,5.0,Achiever 2038,PHP,Y,CF0014,SUN LIFE PROSPERITY ACHIEVER FUND 2038,
2019-07-18,1.0488,0.0,4.88,Achiever 2038,PHP,Y,CF0014,SUN LIFE PROSPERITY ACHIEVER FUND 2038,
2019-07-17,1.0463,0.0,4.63,Achiever 2038,PHP,Y,CF0014,SUN LIFE PROSPERITY ACHIEVER FUND 2038,
2019-07-16,1.0496,0.0,4.96,Achiever 2038,PHP,Y,CF0014,SUN LIFE PROSPERITY ACHIEVER FUND 2038,
2019-07-15,1.0605,0.0,6.05,Achiever 2038,PHP,Y,CF0014,SUN LIFE PROSPERITY ACHIEVER FUND 2038,
2019-07-12,1.0364,0.0,3.64,Achiever 2038,PHP,Y,CF0014,SUN LIFE PROSPERITY ACHIEVER FUND 2038,
2019-07-11,1.0379,0.0,3.79,Achiever 2038,PHP,Y,CF0014,SUN LIFE PROSPERITY ACHIEVER FUND 2038,
2019-07-10,1.0293,0.0,2.93,Achiever 2038,PHP,Y,CF0014,SUN LIFE PROSPERITY ACHIEVER FUND 2038,
2019-07-09,1.0258,0.0,2.58,Achiever 2038,PHP,Y,CF0014,SUN LIFE PROSPERITY ACHIEVER FUND 2038,
2019-07-08,1.0278,0.0,2.78,Achiever 2038,PHP,Y,CF0014,SUN LIFE PROSPERITY ACHIEVER FUND 2038,
2019-07-05,1.0348,0.0,3.48,Achiever 2038,PHP,Y,CF0014,SUN LIFE PROSPERITY ACHIEVER FUND 2038,
2019-07-04,1.0294,0.0,2.94,Achiever 2038,PHP,Y,CF0014,SUN LIFE PROSPERITY ACHIEVER FUND 2038,
2019-07-03,1.0323,0.0,3.23,Achiever 2038,PHP,Y,CF0014,SUN LIFE PROSPERITY ACHIEVER FUND 2038,
2019-07-02,1.0314,0.0,3.14,Achiever 2038,PHP,Y,CF0014,SUN LIFE PROSPERITY ACHIEVER FUND 2038,
2019-07-01,1.0262,0.0,2.62,Achiever 2038,PHP,Y,CF0014,SUN LIFE PROSPERITY ACHIEVER FUND 2038,
2019-06-28,1.0218,0.0,2.18,Achiever 2038,PHP,Y,CF0014,SUN LIFE PROSPERITY ACHIEVER FUND 2038,
2019-06-27,1.0278,0.0,2.78,Achiever 2038,PHP,Y,CF0014,SUN LIFE PROSPERITY ACHIEVER FUND 2038,
2019-06-26,1.0233,0.0,2.33,Achiever 2038,PHP,Y,CF0014,SUN LIFE PROSPERITY ACHIEVER FUND 2038,
2019-06-25,1.0256,0.0,2.56,Achiever 2038,PHP,Y,CF0014,SUN LIFE PROSPERITY ACHIEVER FUND 2038,
2019-06-24,1.0266,0.0,2.66,Achiever 2038,PHP,Y,CF0014,SUN LIFE PROSPERITY ACHIEVER FUND 2038,
2019-06-21,1.025,0.0,2.5,Achiever 2038,PHP,Y,CF0014,SUN LIFE PROSPERITY ACHIEVER FUND 2038,
2019-06-20,1.0233,0.0,2.33,Achiever 2038,PHP,Y,CF0014,SUN LIFE PROSPERITY ACHIEVER FUND 2038,
2019-06-19,1.022,0.0,2.2,Achiever 2038,PHP,Y,CF0014,SUN LIFE PROSPERITY ACHIEVER FUND 2038,
2019-06-18,1.0101,0.0,1.01,Achiever 2038,PHP,Y,CF0014,SUN LIFE PROSPERITY ACHIEVER FUND 2038,
2019-06-17,1.0071,0.0,0.71,Achiever 2038,PHP,Y,CF0014,SUN LIFE PROSPERITY ACHIEVER FUND 2038,
2019-06-14,1.0166,0.0,1.66,Achiever 2038,PHP,Y,CF0014,SUN LIFE PROSPERITY ACHIEVER FUND 2038,
2019-06-13,1.0249,0.0,2.49,Achiever 2038,PHP,Y,CF0014,SUN LIFE PROSPERITY ACHIEVER FUND 2038,
2019-06-11,1.0238,0.0,2.38,Achiever 2038,PHP,Y,CF0014,SUN LIFE PROSPERITY ACHIEVER FUND 2038,
2019-06-10,1.0283,0.0,2.83,Achiever 2038,PHP,Y,CF0014,SUN LIFE PROSPERITY ACHIEVER FUND 2038,
2019-06-07,1.0192,0.0,1.92,Achiever 2038,PHP,Y,CF0014,SUN LIFE PROSPERITY ACHIEVER FUND 2038,
2019-06-06,1.0147,0.0,1.47,Achiever 2038,PHP,Y,CF0014,SUN LIFE PROSPERITY ACHIEVER FUND 2038,
2019-06-04,1.0119,0.0,1.19,Achiever 2038,PHP,Y,CF0014,SUN LIFE PROSPERITY ACHIEVER FUND 2038,
2019-06-03,1.0236,0.0,2.36,Achiever 2038,PHP,Y,CF0014,SUN LIFE PROSPERITY ACHIEVER FUND 2038,
2019-05-31,1.0119,0.0,1.19,Achiever 2038,PHP,Y,CF0014,SUN LIFE PROSPERITY ACHIEVER FUND 2038,
2019-05-30,0.9971,0.0,-0.29,Achiever 2038,PHP,Y,CF0014,SUN LIFE PROSPERITY ACHIEVER FUND 2038,
2019-05-29,0.9932,0.0,-0.68,Achiever 2038,PHP,Y,CF0014,SUN LIFE PROSPERITY ACHIEVER FUND 2038,
2019-05-28,0.9886,0.0,-1.14,Achiever 2038,PHP,Y,CF0014,SUN LIFE PROSPERITY ACHIEVER FUND 2038,
2019-05-27,0.9843,0.0,-1.57,Achiever 2038,PHP,Y,CF0014,SUN LIFE PROSPERITY ACHIEVER FUND 2038,
2019-05-24,0.9863,0.0,-1.37,Achiever 2038,PHP,Y,CF0014,SUN LIFE PROSPERITY ACHIEVER FUND 2038,
2019-05-23,0.9909,0.0,-0.91,Achiever 2038,PHP,Y,CF0014,SUN LIFE PROSPERITY ACHIEVER FUND 2038,
2019-05-22,0.9915,0.0,-0.85,Achiever 2038,PHP,Y,CF0014,SUN LIFE PROSPERITY ACHIEVER FUND 2038,
2019-05-21,0.9818,0.0,-1.82,Achiever 2038,PHP,Y,CF0014,SUN LIFE PROSPERITY ACHIEVER FUND 2038,
2019-05-20,0.9755,0.0,-2.45,Achiever 2038,PHP,Y,CF0014,SUN LIFE PROSPERITY ACHIEVER FUND 2038,
2019-05-17,0.9676,0.0,-3.24,Achiever 2038,PHP,Y,CF0014,SUN LIFE PROSPERITY ACHIEVER FUND 2038,
2019-05-16,0.958,0.0,-4.2,Achiever 2038,PHP,Y,CF0014,SUN LIFE PROSPERITY ACHIEVER FUND 2038,
2019-05-15,0.9688,0.0,-3.12,Achiever 2038,PHP,Y,CF0014,SUN LIFE PROSPERITY ACHIEVER FUND 2038,
2019-05-14,0.9763,0.0,-2.37,Achiever 2038,PHP,Y,CF0014,SUN LIFE PROSPERITY ACHIEVER FUND 2038,
2019-05-10,0.9865,0.0,-1.35,Achiever 2038,PHP,Y,CF0014,SUN LIFE PROSPERITY ACHIEVER FUND 2038,
2019-05-09,0.9885,0.0,-1.15,Achiever 2038,PHP,Y,CF0014,SUN LIFE PROSPERITY ACHIEVER FUND 2038,
2019-05-08,1.0044,0.0,0.44,Achiever 2038,PHP,Y,CF0014,SUN LIFE PROSPERITY ACHIEVER FUND 2038,
2019-05-07,1.0035,0.0,0.35,Achiever 2038,PHP,Y,CF0014,SUN LIFE PROSPERITY ACHIEVER FUND 2038,
2019-05-06,0.9986,0.0,-0.14,Achiever 2038,PHP,Y,CF0014,SUN LIFE PROSPERITY ACHIEVER FUND 2038,
2019-05-03,1.0081,0.0,0.81,Achiever 2038,PHP,Y,CF0014,SUN LIFE PROSPERITY ACHIEVER FUND 2038,
2019-05-02,1.0061,0.0,0.61,Achiever 2038,PHP,Y,CF0014,SUN LIFE PROSPERITY ACHIEVER FUND 2038,
2019-04-30,1.0036,0.0,0.36,Achiever 2038,PHP,Y,CF0014,SUN LIFE PROSPERITY ACHIEVER FUND 2038,
2019-04-29,0.9969,0.0,-0.31,Achiever 2038,PHP,Y,CF0014,SUN LIFE PROSPERITY ACHIEVER FUND 2038,
2019-04-26,0.9941,0.0,-0.59,Achiever 2038,PHP,Y,CF0014,SUN LIFE PROSPERITY ACHIEVER FUND 2038,
2019-04-25,0.9959,0.0,-0.41,Achiever 2038,PHP,Y,CF0014,SUN LIFE PROSPERITY ACHIEVER FUND 2038,
2019-04-24,0.991,0.0,-0.9,Achiever 2038,PHP,Y,CF0014,SUN LIFE PROSPERITY ACHIEVER FUND 2038,
2019-04-23,0.9869,0.0,-1.31,Achiever 2038,PHP,Y,CF0014,SUN LIFE PROSPERITY ACHIEVER FUND 2038,
2019-04-22,0.9883,0.0,-1.17,Achiever 2038,PHP,Y,CF0014,SUN LIFE PROSPERITY ACHIEVER FUND 2038,
2019-04-17,0.9889,0.0,-1.11,Achiever 2038,PHP,Y,CF0014,SUN LIFE PROSPERITY ACHIEVER FUND 2038,
2019-04-16,0.9881,0.0,-1.19,Achiever 2038,PHP,Y,CF0014,SUN LIFE PROSPERITY ACHIEVER FUND 2038,
2019-04-15,0.9837,0.0,-1.63,Achiever 2038,PHP,Y,CF0014,SUN LIFE PROSPERITY ACHIEVER FUND 2038,
2019-04-12,0.9938,0.0,-0.62,Achiever 2038,PHP,Y,CF0014,SUN LIFE PROSPERITY ACHIEVER FUND 2038,
2019-04-11,1.0026,0.0,0.26,Achiever 2038,PHP,Y,CF0014,SUN LIFE PROSPERITY ACHIEVER FUND 2038,
2019-04-10,1.0079,0.0,0.79,Achiever 2038,PHP,Y,CF0014,SUN LIFE PROSPERITY ACHIEVER FUND 2038,
2019-04-08,0.9996,0.0,-0.04,Achiever 2038,PHP,Y,CF0014,SUN LIFE PROSPERITY ACHIEVER FUND 2038,
2019-04-05,0.9955,0.0,-0.45,Achiever 2038,PHP,Y,CF0014,SUN LIFE PROSPERITY ACHIEVER FUND 2038,
2019-04-04,0.9944,0.0,-0.56,Achiever 2038,PHP,Y,CF0014,SUN LIFE PROSPERITY ACHIEVER FUND 2038,
2019-04-03,0.9984,0.0,-0.16,Achiever 2038,PHP,Y,CF0014,SUN LIFE PROSPERITY ACHIEVER FUND 2038,
2019-04-02,0.9997,0.0,-0.03,Achiever 2038,PHP,Y,CF0014,SUN LIFE PROSPERITY ACHIEVER FUND 2038,
2019-04-01,0.9971,0.0,-0.29,Achiever 2038,PHP,Y,CF0014,SUN LIFE PROSPERITY ACHIEVER FUND 2038,
2019-03-29,1.0048,0.0,0.48,Achiever 2038,PHP,Y,CF0014,SUN LIFE PROSPERITY ACHIEVER FUND 2038,
2019-03-28,1.0004,0.0,0.04,Achiever 2038,PHP,Y,CF0014,SUN LIFE PROSPERITY ACHIEVER FUND 2038,
2019-03-27,0.9949,0.0,-0.51,Achiever 2038,PHP,Y,CF0014,SUN LIFE PROSPERITY ACHIEVER FUND 2038,
2019-03-26,0.9984,0.0,-0.16,Achiever 2038,PHP,Y,CF0014,SUN LIFE PROSPERITY ACHIEVER FUND 2038,
2019-03-25,0.9932,0.0,-0.68,Achiever 2038,PHP,Y,CF0014,SUN LIFE PROSPERITY ACHIEVER FUND 2038,
2019-03-22,1.0074,0.0,0.74,Achiever 2038,PHP,Y,CF0014,SUN LIFE PROSPERITY ACHIEVER FUND 2038,
2019-03-21,1.0021,0.0,0.21,Achiever 2038,PHP,Y,CF0014,SUN LIFE PROSPERITY ACHIEVER FUND 2038,
2019-03-20,0.9903,0.0,-0.97,Achiever 2038,PHP,Y,CF0014,SUN LIFE PROSPERITY ACHIEVER FUND 2038,
2019-03-19,0.9886,0.0,-1.14,Achiever 2038,PHP,Y,CF0014,SUN LIFE PROSPERITY ACHIEVER FUND 2038,
2019-03-18,0.9903,0.0,-0.97,Achiever 2038,PHP,Y,CF0014,SUN LIFE PROSPERITY ACHIEVER FUND 2038,
2019-03-15,0.9801,0.0,-1.99,Achiever 2038,PHP,Y,CF0014,SUN LIFE PROSPERITY ACHIEVER FUND 2038,
2019-03-14,0.9745,0.0,-2.55,Achiever 2038,PHP,Y,CF0014,SUN LIFE PROSPERITY ACHIEVER FUND 2038,
2019-03-13,0.9752,0.0,-2.48,Achiever 2038,PHP,Y,CF0014,SUN LIFE PROSPERITY ACHIEVER FUND 2038,
2019-03-12,0.9734,0.0,-2.66,Achiever 2038,PHP,Y,CF0014,SUN LIFE PROSPERITY ACHIEVER FUND 2038,
2019-03-11,0.9698,0.0,-3.02,Achiever 2038,PHP,Y,CF0014,SUN LIFE PROSPERITY ACHIEVER FUND 2038,
2019-03-08,0.9789,0.0,-2.11,Achiever 2038,PHP,Y,CF0014,SUN LIFE PROSPERITY ACHIEVER FUND 2038,
2019-03-07,0.9861,0.0,-1.39,Achiever 2038,PHP,Y,CF0014,SUN LIFE PROSPERITY ACHIEVER FUND 2038,
2019-03-06,0.9801,0.0,-1.99,Achiever 2038,PHP,Y,CF0014,SUN LIFE PROSPERITY ACHIEVER FUND 2038,
2019-03-05,0.9625,0.0,-3.75,Achiever 2038,PHP,Y,CF0014,SUN LIFE PROSPERITY ACHIEVER FUND 2038,
2019-03-04,0.9609,0.0,-3.91,Achiever 2038,PHP,Y,CF0014,SUN LIFE PROSPERITY ACHIEVER FUND 2038,
2019-03-01,0.9573,0.0,-4.27,Achiever 2038,PHP,Y,CF0014,SUN LIFE PROSPERITY ACHIEVER FUND 2038,
2019-02-28,0.9636,0.0,-3.64,Achiever 2038,PHP,Y,CF0014,SUN LIFE PROSPERITY ACHIEVER FUND 2038,
2019-02-27,0.9824,0.0,-1.76,Achiever 2038,PHP,Y,CF0014,SUN LIFE PROSPERITY ACHIEVER FUND 2038,
2019-02-26,0.9924,0.0,-0.76,Achiever 2038,PHP,Y,CF0014,SUN LIFE PROSPERITY ACHIEVER FUND 2038,
2019-02-22,0.99,0.0,-1.0,Achiever 2038,PHP,Y,CF0014,SUN LIFE PROSPERITY ACHIEVER FUND 2038,
2019-02-21,0.9868,0.0,-1.32,Achiever 2038,PHP,Y,CF0014,SUN LIFE PROSPERITY ACHIEVER FUND 2038,
2019-02-20,0.987,0.0,-1.3,Achiever 2038,PHP,Y,CF0014,SUN LIFE PROSPERITY ACHIEVER FUND 2038,
2019-02-19,0.9755,0.0,-2.45,Achiever 2038,PHP,Y,CF0014,SUN LIFE PROSPERITY ACHIEVER FUND 2038,
2019-02-18,0.9839,0.0,-1.61,Achiever 2038,PHP,Y,CF0014,SUN LIFE PROSPERITY ACHIEVER FUND 2038,
2019-02-15,0.9843,0.0,-1.57,Achiever 2038,PHP,Y,CF0014,SUN LIFE PROSPERITY ACHIEVER FUND 2038,
2019-02-14,0.9915,0.0,-0.85,Achiever 2038,PHP,Y,CF0014,SUN LIFE PROSPERITY ACHIEVER FUND 2038,
2019-02-13,0.9847,0.0,-1.53,Achiever 2038,PHP,Y,CF0014,SUN LIFE PROSPERITY ACHIEVER FUND 2038,
2019-02-12,0.9941,0.0,-0.59,Achiever 2038,PHP,Y,CF0014,SUN LIFE PROSPERITY ACHIEVER FUND 2038,
2019-02-11,0.9985,0.0,-0.15,Achiever 2038,PHP,Y,CF0014,SUN LIFE PROSPERITY ACHIEVER FUND 2038,
2019-02-08,0.9998,0.0,-0.02,Achiever 2038,PHP,Y,CF0014,SUN LIFE PROSPERITY ACHIEVER FUND 2038,
2019-02-07,1.0038,0.0,0.38,Achiever 2038,PHP,Y,CF0014,SUN LIFE PROSPERITY ACHIEVER FUND 2038,
2019-02-06,1.0022,0.0,0.22,Achiever 2038,PHP,Y,CF0014,SUN LIFE PROSPERITY ACHIEVER FUND 2038,
2019-02-04,1.0025,0.0,0.25,Achiever 2038,PHP,Y,CF0014,SUN LIFE PROSPERITY ACHIEVER FUND 2038,
2019-02-01,1.01,0.0,1.0,Achiever 2038,PHP,Y,CF0014,SUN LIFE PROSPERITY ACHIEVER FUND 2038,
2019-01-31,0.9934,0.0,-0.66,Achiever 2038,PHP,Y,CF0014,SUN LIFE PROSPERITY ACHIEVER FUND 2038,
2019-01-30,0.9895,0.0,-1.05,Achiever 2038,PHP,Y,CF0014,SUN LIFE PROSPERITY ACHIEVER FUND 2038,
2019-01-29,0.9975,0.0,-0.25,Achiever 2038,PHP,Y,CF0014,SUN LIFE PROSPERITY ACHIEVER FUND 2038,
2019-01-28,1.0,0.0,0.0,Achiever 2038,PHP,Y,CF0014,SUN LIFE PROSPERITY ACHIEVER FUND 2038,
